date,region,pathogen,daily_cases,cumulative_cases,daily_deaths,cumulative_deaths,daily_tests,tpr_pct,hospitalized_active,icu_active,mobility_index,stringency_index,vaccination_coverage_pct,temperature_c,humidity_pct
2025-01-01,India,COVID-19 (SARS-CoV-2),1353,1353,0,0,1176601,0.11,0,0,81.0,12.7,46.4,24.9,76.1
2025-01-02,India,COVID-19 (SARS-CoV-2),1358,2711,0,0,1175148,0.12,0,0,84.3,21.8,46.4,23.6,83.5
2025-01-03,India,COVID-19 (SARS-CoV-2),1483,4194,0,0,1175685,0.13,0,0,84.7,10.5,46.5,25.2,78.6
2025-01-04,India,COVID-19 (SARS-CoV-2),1361,5555,0,0,1176506,0.12,0,0,82.4,21.7,46.5,26.1,81.0
2025-01-05,India,COVID-19 (SARS-CoV-2),1135,6690,0,0,1174444,0.1,0,0,85.6,16.9,46.6,25.8,79.8
2025-01-06,India,COVID-19 (SARS-CoV-2),1591,8281,0,0,1178118,0.14,27,0,80.7,16.5,46.7,25.5,81.4
2025-01-07,India,COVID-19 (SARS-CoV-2),1838,10119,0,0,1179359,0.16,54,0,83.8,15.5,46.7,26.4,80.1
2025-01-08,India,COVID-19 (SARS-CoV-2),1828,11947,0,0,1178753,0.16,84,0,81.5,18.3,46.8,26.7,76.0
2025-01-09,India,COVID-19 (SARS-CoV-2),1768,13715,0,0,1177619,0.15,112,7,82.7,16.9,46.9,27.2,82.8
2025-01-10,India,COVID-19 (SARS-CoV-2),1956,15671,0,0,1178079,0.17,135,14,83.9,20.6,46.9,26.2,78.3
2025-01-11,India,COVID-19 (SARS-CoV-2),1607,17278,0,0,1177053,0.14,167,22,82.3,17.2,47.0,25.1,75.1
2025-01-12,India,COVID-19 (SARS-CoV-2),1485,18763,0,0,1177624,0.13,204,30,83.4,17.2,47.1,25.7,78.4
2025-01-13,India,COVID-19 (SARS-CoV-2),2178,20941,0,0,1181140,0.18,241,36,85.7,16.4,47.2,27.5,84.2
2025-01-14,India,COVID-19 (SARS-CoV-2),1986,22927,0,0,1178528,0.17,277,45,82.7,17.1,47.3,24.6,82.2
2025-01-15,India,COVID-19 (SARS-CoV-2),2106,25033,17,17,1180667,0.18,317,55,85.4,18.4,47.3,26.5,78.5
2025-01-16,India,COVID-19 (SARS-CoV-2),2382,27415,18,35,1182535,0.2,322,65,81.3,12.6,47.4,25.5,78.4
2025-01-17,India,COVID-19 (SARS-CoV-2),2435,29850,18,53,1181584,0.21,325,74,84.6,13.8,47.5,26.2,78.5
2025-01-18,India,COVID-19 (SARS-CoV-2),2335,32185,17,70,1182021,0.2,339,85,86.5,19.9,47.6,28.2,85.6
2025-01-19,India,COVID-19 (SARS-CoV-2),2030,34215,14,84,1180096,0.17,351,94,78.9,17.9,47.7,26.7,80.4
2025-01-20,India,COVID-19 (SARS-CoV-2),2806,37021,18,102,1183551,0.24,371,102,81.8,17.7,47.8,26.7,80.5
2025-01-21,India,COVID-19 (SARS-CoV-2),3547,40568,22,124,1189497,0.3,387,114,84.1,19.2,47.9,24.7,82.2
2025-01-22,India,COVID-19 (SARS-CoV-2),3431,43999,22,146,1189004,0.29,399,117,82.6,20.0,48.0,28.0,79.7
2025-01-23,India,COVID-19 (SARS-CoV-2),3736,47735,21,167,1191357,0.31,409,121,83.6,17.7,48.1,27.9,78.1
2025-01-24,India,COVID-19 (SARS-CoV-2),3651,51386,22,189,1190817,0.31,415,126,81.7,16.9,48.3,30.3,78.2
2025-01-25,India,COVID-19 (SARS-CoV-2),3481,54867,19,208,1187366,0.29,432,132,83.1,19.6,48.4,26.8,78.5
2025-01-26,India,COVID-19 (SARS-CoV-2),3462,58329,19,227,1187692,0.29,471,138,82.7,16.1,48.5,27.7,78.5
2025-01-27,India,COVID-19 (SARS-CoV-2),4656,62985,29,256,1196309,0.39,511,141,84.6,21.6,48.6,27.9,80.7
2025-01-28,India,COVID-19 (SARS-CoV-2),5533,68518,26,282,1201569,0.46,542,146,82.3,16.3,48.8,30.0,78.5
2025-01-29,India,COVID-19 (SARS-CoV-2),5652,74170,30,312,1202285,0.47,576,155,82.4,24.6,48.9,27.6,80.5
2025-01-30,India,COVID-19 (SARS-CoV-2),6249,80419,27,339,1209204,0.52,604,164,80.5,23.6,49.1,28.3,77.9
2025-01-31,India,COVID-19 (SARS-CoV-2),6654,87073,31,370,1208352,0.55,626,174,80.1,23.5,49.2,28.9,78.3
2025-02-01,India,COVID-19 (SARS-CoV-2),6979,94052,28,398,1210867,0.58,670,185,80.0,26.0,49.3,28.4,71.9
2025-02-02,India,COVID-19 (SARS-CoV-2),6038,100090,29,427,1205040,0.5,735,196,82.3,27.0,49.5,27.5,80.5
2025-02-03,India,COVID-19 (SARS-CoV-2),8268,108358,31,458,1218117,0.68,809,203,79.3,27.6,49.7,28.6,78.7
2025-02-04,India,COVID-19 (SARS-CoV-2),10047,118405,40,498,1227824,0.82,878,218,79.7,21.1,49.8,30.1,80.5
2025-02-05,India,COVID-19 (SARS-CoV-2),9613,128018,39,537,1226294,0.78,941,236,83.5,22.3,50.0,27.0,68.6
2025-02-06,India,COVID-19 (SARS-CoV-2),11365,139383,37,574,1235275,0.92,1013,254,80.1,26.3,50.2,28.9,83.4
2025-02-07,India,COVID-19 (SARS-CoV-2),10703,150086,42,616,1231839,0.87,1060,275,78.1,27.5,50.4,27.7,76.6
2025-02-08,India,COVID-19 (SARS-CoV-2),10092,160178,39,655,1227924,0.82,1153,298,81.5,28.2,50.5,30.7,80.2
2025-02-09,India,COVID-19 (SARS-CoV-2),10590,170768,42,697,1231479,0.86,1286,325,78.0,25.1,50.7,26.7,73.6
2025-02-10,India,COVID-19 (SARS-CoV-2),15812,186580,57,754,1265044,1.25,1411,343,71.7,33.8,50.9,28.3,78.4
2025-02-11,India,COVID-19 (SARS-CoV-2),16404,202984,76,830,1264414,1.3,1547,369,73.4,31.7,51.1,29.8,73.2
2025-02-12,India,COVID-19 (SARS-CoV-2),17253,220237,73,903,1272062,1.36,1651,405,71.2,33.1,51.3,31.7,74.3
2025-02-13,India,COVID-19 (SARS-CoV-2),18209,238446,72,975,1275499,1.43,1741,437,73.6,31.8,51.5,29.3,81.8
2025-02-14,India,COVID-19 (SARS-CoV-2),17994,256440,74,1049,1275350,1.41,1829,479,74.5,33.0,51.8,28.7,75.3
2025-02-15,India,COVID-19 (SARS-CoV-2),16816,273256,87,1136,1269842,1.32,2015,518,78.5,30.4,52.0,32.4,76.3
2025-02-16,India,COVID-19 (SARS-CoV-2),16045,289301,65,1201,1264192,1.27,2205,554,76.3,30.6,52.2,27.5,78.1
2025-02-17,India,COVID-19 (SARS-CoV-2),24955,314256,114,1315,1316510,1.9,2432,586,69.9,47.0,52.4,26.5,76.8
2025-02-18,India,COVID-19 (SARS-CoV-2),25231,339487,132,1447,1318528,1.91,2634,642,71.9,41.3,52.7,30.6,75.6
2025-02-19,India,COVID-19 (SARS-CoV-2),23224,362711,111,1558,1307881,1.78,2795,701,67.0,49.7,52.9,29.2,76.0
2025-02-20,India,COVID-19 (SARS-CoV-2),27735,390446,118,1676,1333537,2.08,2941,761,69.2,48.5,53.2,28.6,81.9
2025-02-21,India,COVID-19 (SARS-CoV-2),27762,418208,142,1818,1334646,2.08,3035,824,70.3,47.6,53.4,31.2,74.4
2025-02-22,India,COVID-19 (SARS-CoV-2),23798,442006,120,1938,1310691,1.82,3324,884,68.1,39.9,53.7,30.6,74.9
2025-02-23,India,COVID-19 (SARS-CoV-2),23670,465676,140,2078,1309226,1.81,3631,942,73.4,44.5,54.0,29.5,77.3
2025-02-24,India,COVID-19 (SARS-CoV-2),33792,499468,166,2244,1372753,2.46,3886,985,65.9,52.3,54.2,28.5,77.2
2025-02-25,India,COVID-19 (SARS-CoV-2),34687,534155,187,2431,1376613,2.52,4128,1066,63.9,55.5,54.5,31.8,77.3
2025-02-26,India,COVID-19 (SARS-CoV-2),32109,566264,207,2638,1358486,2.36,4358,1151,67.5,59.8,54.8,31.6,75.4
2025-02-27,India,COVID-19 (SARS-CoV-2),34051,600315,219,2857,1372350,2.48,4490,1216,69.6,54.1,55.1,30.5,69.8
2025-02-28,India,COVID-19 (SARS-CoV-2),36199,636514,208,3065,1384390,2.61,4601,1308,64.2,60.3,55.4,33.5,78.0
2025-03-01,India,COVID-19 (SARS-CoV-2),32116,668630,212,3277,1361406,2.36,4921,1404,66.7,50.0,55.7,29.2,69.4
2025-03-02,India,COVID-19 (SARS-CoV-2),26559,695189,176,3453,1326419,2.0,5283,1476,68.5,45.6,56.0,28.6,73.5
2025-03-03,India,COVID-19 (SARS-CoV-2),36901,732090,296,3749,1389149,2.66,5608,1519,61.7,63.0,56.3,29.9,70.1
2025-03-04,India,COVID-19 (SARS-CoV-2),35211,767301,306,4055,1379628,2.55,5792,1614,66.0,53.8,56.6,31.0,72.0
2025-03-05,India,COVID-19 (SARS-CoV-2),35273,802574,290,4345,1380361,2.56,6014,1709,62.6,61.2,56.9,31.5,72.9
2025-03-06,India,COVID-19 (SARS-CoV-2),40032,842606,352,4697,1406849,2.85,6194,1784,61.7,63.4,57.2,30.8,72.7
2025-03-07,India,COVID-19 (SARS-CoV-2),41337,883943,303,5000,1415545,2.92,6171,1872,59.8,61.1,57.5,31.7,72.7
2025-03-08,India,COVID-19 (SARS-CoV-2),31846,915789,251,5251,1358459,2.34,6356,1977,67.3,53.7,57.8,29.4,76.1
2025-03-09,India,COVID-19 (SARS-CoV-2),29916,945705,313,5564,1346700,2.22,6587,2065,68.1,52.5,58.2,33.5,72.4
2025-03-10,India,COVID-19 (SARS-CoV-2),38509,984214,416,5980,1400677,2.75,6822,2074,64.5,61.4,58.5,31.3,70.0
2025-03-11,India,COVID-19 (SARS-CoV-2),35842,1020056,391,6371,1383314,2.59,6948,2137,63.0,51.7,58.8,33.1,73.4
2025-03-12,India,COVID-19 (SARS-CoV-2),37568,1057624,433,6804,1392005,2.7,7083,2202,62.5,56.2,59.2,32.0,73.8
2025-03-13,India,COVID-19 (SARS-CoV-2),39489,1097113,412,7216,1405709,2.81,7077,2244,59.9,59.9,59.5,32.2,66.3
2025-03-14,India,COVID-19 (SARS-CoV-2),35361,1132474,475,7691,1382146,2.56,6994,2310,63.4,55.7,59.9,32.4,71.6
2025-03-15,India,COVID-19 (SARS-CoV-2),31747,1164221,387,8078,1359372,2.34,7040,2406,67.2,53.6,60.2,32.3,71.6
2025-03-16,India,COVID-19 (SARS-CoV-2),21122,1185343,371,8449,1293070,1.63,7116,2450,74.1,39.9,60.6,32.6,68.4
2025-03-17,India,COVID-19 (SARS-CoV-2),34383,1219726,505,8954,1373671,2.5,7339,2429,63.0,50.7,60.9,33.7,73.2
2025-03-18,India,COVID-19 (SARS-CoV-2),31895,1251621,414,9368,1360494,2.34,7391,2450,68.1,53.0,61.3,32.0,68.3
2025-03-19,India,COVID-19 (SARS-CoV-2),30082,1281703,456,9824,1347642,2.23,7394,2470,70.1,51.6,61.6,32.8,68.9
2025-03-20,India,COVID-19 (SARS-CoV-2),29646,1311349,505,10329,1346177,2.2,7323,2490,68.5,50.9,62.0,31.7,67.8
2025-03-21,India,COVID-19 (SARS-CoV-2),24920,1336269,550,10879,1318152,1.89,6940,2507,74.2,47.0,62.3,34.0,68.1
2025-03-22,India,COVID-19 (SARS-CoV-2),22390,1358659,353,11232,1301271,1.72,6799,2525,70.3,43.4,62.7,30.8,64.5
2025-03-23,India,COVID-19 (SARS-CoV-2),19597,1378256,379,11611,1285380,1.52,6800,2553,71.0,39.0,63.0,34.6,63.2
2025-03-24,India,COVID-19 (SARS-CoV-2),26748,1405004,501,12112,1325104,2.02,6803,2467,65.8,45.7,63.4,31.8,72.0
2025-03-25,India,COVID-19 (SARS-CoV-2),22582,1427586,370,12482,1302325,1.73,6624,2463,74.8,36.1,63.7,29.8,64.5
2025-03-26,India,COVID-19 (SARS-CoV-2),20980,1448566,408,12890,1293485,1.62,6403,2445,74.0,40.5,64.1,32.1,63.8
2025-03-27,India,COVID-19 (SARS-CoV-2),20179,1468745,397,13287,1287684,1.57,6095,2390,73.1,38.9,64.4,30.9,60.0
2025-03-28,India,COVID-19 (SARS-CoV-2),20660,1489405,415,13702,1293450,1.6,5693,2327,73.5,39.7,64.8,33.2,64.3
2025-03-29,India,COVID-19 (SARS-CoV-2),15719,1505124,403,14105,1260741,1.25,5518,2289,73.5,29.3,65.1,31.0,62.0
2025-03-30,India,COVID-19 (SARS-CoV-2),12399,1517523,284,14389,1241811,1.0,5333,2248,82.6,26.1,65.4,31.3,70.6
2025-03-31,India,COVID-19 (SARS-CoV-2),16628,1534151,415,14804,1267756,1.31,5330,2145,75.5,37.4,65.8,29.2,68.5
2025-04-01,India,COVID-19 (SARS-CoV-2),15165,1549316,433,15237,1260289,1.2,5042,2096,76.3,32.4,66.1,31.3,63.1
2025-04-02,India,COVID-19 (SARS-CoV-2),14901,1564217,321,15558,1255828,1.19,4815,2014,77.7,34.3,66.5,28.4,71.7
2025-04-03,India,COVID-19 (SARS-CoV-2),12600,1576817,307,15865,1244621,1.01,4524,1913,78.6,29.7,66.8,29.6,67.6
2025-04-04,India,COVID-19 (SARS-CoV-2),12057,1588874,298,16163,1240210,0.97,4175,1830,78.4,29.0,67.1,33.1,63.4
2025-04-05,India,COVID-19 (SARS-CoV-2),9431,1598305,277,16440,1223462,0.77,4007,1770,77.9,28.7,67.4,33.2,56.7
2025-04-06,India,COVID-19 (SARS-CoV-2),7342,1605647,235,16675,1212372,0.61,3860,1741,81.6,21.9,67.8,32.6,70.8
2025-04-07,India,COVID-19 (SARS-CoV-2),10421,1616068,268,16943,1230583,0.85,3765,1621,82.7,27.3,68.1,30.5,59.5
2025-04-08,India,COVID-19 (SARS-CoV-2),9895,1625963,269,17212,1226627,0.81,3479,1538,81.9,25.1,68.4,31.9,58.4
2025-04-09,India,COVID-19 (SARS-CoV-2),9353,1635316,225,17437,1224045,0.76,3266,1457,82.7,24.5,68.7,31.9,66.2
2025-04-10,India,COVID-19 (SARS-CoV-2),8942,1644258,255,17692,1221124,0.73,3032,1376,78.7,24.4,69.0,30.2,70.2
2025-04-11,India,COVID-19 (SARS-CoV-2),8151,1652409,255,17947,1216877,0.67,2772,1309,78.2,25.1,69.3,34.2,66.8
2025-04-12,India,COVID-19 (SARS-CoV-2),7246,1659655,174,18121,1211996,0.6,2564,1253,80.5,21.9,69.6,33.2,64.0
2025-04-13,India,COVID-19 (SARS-CoV-2),6521,1666176,143,18264,1208570,0.54,2446,1198,81.3,26.3,69.9,31.5,63.9
2025-04-14,India,COVID-19 (SARS-CoV-2),8750,1674926,183,18447,1219120,0.72,2385,1092,82.1,22.4,70.2,31.9,64.4
2025-04-15,India,COVID-19 (SARS-CoV-2),9473,1684399,181,18628,1226829,0.77,2229,1026,76.1,25.4,70.5,32.1,63.9
2025-04-16,India,COVID-19 (SARS-CoV-2),10331,1694730,192,18820,1227891,0.84,2087,965,82.0,25.6,70.7,28.7,62.2
2025-04-17,India,COVID-19 (SARS-CoV-2),11979,1706709,139,18959,1239580,0.97,1932,906,77.7,33.2,71.0,31.4,61.4
2025-04-18,India,COVID-19 (SARS-CoV-2),11715,1718424,151,19110,1238736,0.95,1809,843,77.3,29.1,71.3,30.7,60.6
2025-04-19,India,COVID-19 (SARS-CoV-2),10712,1729136,108,19218,1232410,0.87,1742,801,76.7,30.5,71.5,30.1,58.3
2025-04-20,India,COVID-19 (SARS-CoV-2),10163,1739299,83,19301,1228213,0.83,1743,773,75.7,22.3,71.8,31.2,59.5
2025-04-21,India,COVID-19 (SARS-CoV-2),13327,1752626,124,19425,1247611,1.07,1803,718,78.8,31.2,72.1,34.3,55.0
2025-04-22,India,COVID-19 (SARS-CoV-2),16515,1769141,109,19534,1266454,1.3,1835,683,75.5,36.8,72.3,32.5,59.6
2025-04-23,India,COVID-19 (SARS-CoV-2),18245,1787386,107,19641,1276738,1.43,1872,654,71.7,36.3,72.5,30.6,56.6
2025-04-24,India,COVID-19 (SARS-CoV-2),22923,1810309,97,19738,1306245,1.75,1899,642,69.0,44.7,72.8,32.3,56.1
2025-04-25,India,COVID-19 (SARS-CoV-2),21655,1831964,113,19851,1298145,1.67,1924,641,71.6,38.5,73.0,33.5,59.7
2025-04-26,India,COVID-19 (SARS-CoV-2),20461,1852425,87,19938,1289931,1.59,2029,654,76.4,42.9,73.2,32.7,63.1
2025-04-27,India,COVID-19 (SARS-CoV-2),19401,1871826,74,20012,1285163,1.51,2217,672,73.1,44.3,73.4,31.3,61.4
2025-04-28,India,COVID-19 (SARS-CoV-2),26474,1898300,107,20119,1327009,2.0,2454,670,66.5,44.5,73.6,30.2,53.7
2025-04-29,India,COVID-19 (SARS-CoV-2),32971,1931271,113,20232,1366496,2.41,2741,689,65.2,51.8,73.9,32.2,55.2
2025-04-30,India,COVID-19 (SARS-CoV-2),34809,1966080,122,20354,1377341,2.53,2988,728,64.1,59.6,74.1,31.7,60.8
2025-05-01,India,COVID-19 (SARS-CoV-2),37498,2003578,151,20505,1392017,2.69,3193,779,57.6,63.1,74.3,32.3,54.8
2025-05-02,India,COVID-19 (SARS-CoV-2),36218,2039796,149,20654,1384605,2.62,3343,859,63.7,55.3,74.4,31.9,56.8
2025-05-03,India,COVID-19 (SARS-CoV-2),37078,2076874,123,20777,1391073,2.67,3642,938,62.8,56.6,74.6,32.4,58.9
2025-05-04,India,COVID-19 (SARS-CoV-2),29435,2106309,116,20893,1345078,2.19,4093,1014,69.2,48.2,74.8,30.0,54.1
2025-05-05,India,COVID-19 (SARS-CoV-2),47256,2153565,156,21049,1451373,3.26,4592,1072,61.0,65.6,75.0,32.7,57.1
2025-05-06,India,COVID-19 (SARS-CoV-2),54232,2207797,162,21211,1493367,3.63,5081,1164,55.5,74.9,75.2,30.9,52.6
2025-05-07,India,COVID-19 (SARS-CoV-2),47108,2254905,192,21403,1451783,3.24,5480,1287,56.9,66.4,75.3,33.7,54.6
2025-05-08,India,COVID-19 (SARS-CoV-2),50306,2305211,305,21708,1469102,3.42,5862,1412,53.3,70.8,75.5,29.4,57.2
2025-05-09,India,COVID-19 (SARS-CoV-2),54198,2359409,294,22002,1493593,3.63,5994,1552,58.4,77.5,75.6,33.0,51.2
2025-05-10,India,COVID-19 (SARS-CoV-2),45077,2404486,241,22243,1438117,3.13,6512,1691,58.7,67.8,75.8,30.6,57.1
2025-05-11,India,COVID-19 (SARS-CoV-2),38272,2442758,244,22487,1397272,2.74,7196,1838,62.6,63.9,75.9,29.2,55.5
2025-05-12,India,COVID-19 (SARS-CoV-2),58129,2500887,326,22813,1517730,3.83,7757,1925,50.9,79.2,76.1,29.4,57.0
2025-05-13,India,COVID-19 (SARS-CoV-2),54958,2555845,493,23306,1498431,3.67,8239,2093,53.2,81.5,76.2,29.6,55.8
2025-05-14,India,COVID-19 (SARS-CoV-2),60901,2616746,455,23761,1534077,3.97,8669,2289,49.0,84.8,76.3,30.6,59.1
2025-05-15,India,COVID-19 (SARS-CoV-2),56161,2672907,445,24206,1506129,3.73,8877,2420,51.0,79.8,76.5,30.6,55.2
2025-05-16,India,COVID-19 (SARS-CoV-2),64881,2737788,401,24607,1557165,4.17,8893,2576,45.9,92.0,76.6,28.9,53.3
2025-05-17,India,COVID-19 (SARS-CoV-2),47109,2784897,388,24995,1451193,3.25,9337,2760,57.3,66.1,76.7,29.6,54.8
2025-05-18,India,COVID-19 (SARS-CoV-2),42476,2827373,359,25354,1422403,2.99,9699,2900,59.0,65.2,76.8,32.8,55.9
2025-05-19,India,COVID-19 (SARS-CoV-2),60147,2887520,533,25887,1529064,3.93,10336,2964,48.3,85.0,77.0,32.1,54.2
2025-05-20,India,COVID-19 (SARS-CoV-2),51975,2939495,577,26464,1479577,3.51,10516,3101,54.8,76.6,77.1,30.0,54.0
2025-05-21,India,COVID-19 (SARS-CoV-2),55385,2994880,536,27000,1500264,3.69,10732,3211,52.1,79.9,77.2,29.3,51.6
2025-05-22,India,COVID-19 (SARS-CoV-2),57079,3051959,551,27551,1510927,3.78,10732,3338,54.6,88.3,77.3,29.3,51.5
2025-05-23,India,COVID-19 (SARS-CoV-2),46091,3098050,738,28289,1443585,3.19,10573,3447,52.7,66.4,77.4,30.0,49.2
2025-05-24,India,COVID-19 (SARS-CoV-2),41450,3139500,579,28868,1418650,2.92,10694,3598,62.9,61.3,77.5,27.4,58.5
2025-05-25,India,COVID-19 (SARS-CoV-2),35210,3174710,459,29327,1378111,2.55,10833,3694,66.9,53.8,77.6,28.4,49.3
2025-05-26,India,COVID-19 (SARS-CoV-2),46381,3221091,780,30107,1444929,3.21,11180,3668,53.7,66.9,77.7,26.2,50.8
2025-05-27,India,COVID-19 (SARS-CoV-2),38739,3259830,664,30771,1401450,2.76,11159,3701,61.6,57.9,77.7,29.2,50.6
2025-05-28,India,COVID-19 (SARS-CoV-2),36209,3296039,680,31451,1385903,2.61,10979,3727,63.0,60.4,77.8,29.5,55.3
2025-05-29,India,COVID-19 (SARS-CoV-2),37924,3333963,756,32207,1396026,2.72,10585,3755,60.0,63.1,77.9,27.7,51.6
2025-05-30,India,COVID-19 (SARS-CoV-2),34824,3368787,812,33019,1377430,2.53,10161,3770,63.0,53.5,78.0,30.6,56.1
2025-05-31,India,COVID-19 (SARS-CoV-2),26947,3395734,518,33537,1329527,2.03,9786,3776,67.0,43.7,78.1,26.3,50.2
2025-06-01,India,COVID-19 (SARS-CoV-2),22130,3417864,502,34039,1299740,1.7,9617,3793,75.5,42.0,78.1,25.8,52.9
2025-06-02,India,COVID-19 (SARS-CoV-2),25665,3443529,671,34710,1321923,1.94,9490,3668,71.8,43.0,78.2,28.2,49.4
2025-06-03,India,COVID-19 (SARS-CoV-2),24753,3468282,555,35265,1315698,1.88,9040,3622,73.0,45.5,78.3,29.4,58.2
2025-06-04,India,COVID-19 (SARS-CoV-2),22558,3490840,714,35979,1304181,1.73,8693,3501,73.2,41.7,78.3,30.2,48.1
2025-06-05,India,COVID-19 (SARS-CoV-2),19178,3510018,790,36769,1282778,1.5,8117,3392,71.5,32.6,78.4,26.9,52.5
2025-06-06,India,COVID-19 (SARS-CoV-2),20045,3530063,491,37260,1287302,1.56,7409,3246,72.2,42.8,78.5,29.0,53.3
2025-06-07,India,COVID-19 (SARS-CoV-2),13917,3543980,520,37780,1251038,1.11,6995,3179,77.8,36.5,78.5,27.2,52.6
2025-06-08,India,COVID-19 (SARS-CoV-2),9933,3553913,401,38181,1227868,0.81,6657,3094,76.7,24.6,78.6,26.9,50.7
2025-06-09,India,COVID-19 (SARS-CoV-2),13295,3567208,535,38716,1247064,1.07,6401,2887,78.6,29.2,78.6,28.4,50.7
2025-06-10,India,COVID-19 (SARS-CoV-2),10656,3577864,443,39159,1230971,0.87,5850,2744,78.3,28.2,78.7,27.9,51.2
2025-06-11,India,COVID-19 (SARS-CoV-2),10451,3588315,404,39563,1230807,0.85,5472,2577,78.1,28.1,78.7,24.4,50.5
2025-06-12,India,COVID-19 (SARS-CoV-2),9382,3597697,457,40020,1224394,0.77,5020,2389,80.9,27.8,78.8,28.9,53.7
2025-06-13,India,COVID-19 (SARS-CoV-2),7311,3605008,390,40410,1211217,0.6,4453,2243,81.6,29.5,78.8,28.6,57.4
2025-06-14,India,COVID-19 (SARS-CoV-2),5965,3610973,330,40740,1203176,0.5,4018,2126,80.8,21.4,78.9,25.4,49.0
2025-06-15,India,COVID-19 (SARS-CoV-2),4475,3615448,264,41004,1194940,0.37,3688,2010,84.7,17.8,78.9,26.8,46.5
2025-06-16,India,COVID-19 (SARS-CoV-2),5389,3620837,302,41306,1198743,0.45,3451,1812,79.7,17.1,79.0,26.9,50.3
2025-06-17,India,COVID-19 (SARS-CoV-2),5001,3625838,275,41581,1196456,0.42,3121,1673,83.3,18.6,79.0,26.4,58.2
2025-06-18,India,COVID-19 (SARS-CoV-2),3875,3629713,258,41839,1190389,0.33,2768,1534,83.9,19.4,79.0,25.0,48.0
2025-06-19,India,COVID-19 (SARS-CoV-2),3301,3633014,244,42083,1187450,0.28,2432,1384,82.4,24.2,79.1,24.7,55.3
2025-06-20,India,COVID-19 (SARS-CoV-2),2892,3635906,250,42333,1185520,0.24,2134,1246,84.0,16.8,79.1,25.5,55.3
2025-06-21,India,COVID-19 (SARS-CoV-2),2167,3638073,154,42487,1182335,0.18,1838,1139,81.2,18.2,79.1,27.2,48.6
2025-06-22,India,COVID-19 (SARS-CoV-2),1804,3639877,120,42607,1179539,0.15,1657,1051,85.8,17.0,79.2,26.1,51.9
2025-06-23,India,COVID-19 (SARS-CoV-2),2257,3642134,169,42776,1181240,0.19,1534,936,83.3,21.2,79.2,24.6,55.0
2025-06-24,India,COVID-19 (SARS-CoV-2),2063,3644197,111,42887,1180216,0.17,1332,830,82.7,25.0,79.2,26.2,49.0
2025-06-25,India,COVID-19 (SARS-CoV-2),1978,3646175,131,43018,1178723,0.17,1175,735,85.9,15.7,79.3,20.6,49.5
2025-06-26,India,COVID-19 (SARS-CoV-2),1774,3647949,107,43125,1178483,0.15,1007,651,82.6,15.6,79.3,26.5,48.3
2025-06-27,India,COVID-19 (SARS-CoV-2),1837,3649786,92,43217,1178591,0.16,854,560,81.1,20.3,79.3,22.0,47.0
2025-06-28,India,COVID-19 (SARS-CoV-2),1344,3651130,67,43284,1176244,0.11,751,500,81.1,18.6,79.3,23.9,48.1
2025-06-29,India,COVID-19 (SARS-CoV-2),1373,3652503,46,43330,1175268,0.12,672,458,85.4,22.1,79.4,22.7,46.3
2025-01-01,India,Dengue Virus (DEN-1-4),1353,1353,0,0,1176601,0.11,0,0,81.0,12.7,46.4,24.9,76.1
2025-01-02,India,Dengue Virus (DEN-1-4),1358,2711,0,0,1175148,0.12,0,0,84.3,21.8,46.4,23.6,83.5
2025-01-03,India,Dengue Virus (DEN-1-4),1483,4194,0,0,1175685,0.13,0,0,84.7,10.5,46.5,25.2,78.6
2025-01-04,India,Dengue Virus (DEN-1-4),1361,5555,0,0,1176506,0.12,0,0,82.4,21.7,46.5,26.1,81.0
2025-01-05,India,Dengue Virus (DEN-1-4),1135,6690,0,0,1174444,0.1,0,0,85.6,16.9,46.6,25.8,79.8
2025-01-06,India,Dengue Virus (DEN-1-4),1591,8281,0,0,1178118,0.14,39,0,80.7,16.5,46.7,25.5,81.4
2025-01-07,India,Dengue Virus (DEN-1-4),1838,10119,0,0,1179359,0.16,79,0,83.8,15.5,46.7,26.4,80.1
2025-01-08,India,Dengue Virus (DEN-1-4),1828,11947,0,0,1178753,0.16,122,0,81.5,18.3,46.8,26.7,76.0
2025-01-09,India,Dengue Virus (DEN-1-4),1768,13715,0,0,1177619,0.15,162,7,82.7,16.9,46.9,27.2,82.8
2025-01-10,India,Dengue Virus (DEN-1-4),1956,15671,0,0,1178079,0.17,195,14,83.9,20.6,46.9,26.2,78.3
2025-01-11,India,Dengue Virus (DEN-1-4),1607,17278,0,0,1177053,0.14,242,22,82.3,17.2,47.0,25.1,75.1
2025-01-12,India,Dengue Virus (DEN-1-4),1485,18763,0,0,1177624,0.13,295,29,83.4,17.2,47.1,25.7,78.4
2025-01-13,India,Dengue Virus (DEN-1-4),2178,20941,0,0,1181140,0.18,349,35,85.7,16.4,47.2,27.5,84.2
2025-01-14,India,Dengue Virus (DEN-1-4),1986,22927,0,0,1178528,0.17,401,44,82.7,17.1,47.3,24.6,82.2
2025-01-15,India,Dengue Virus (DEN-1-4),2106,25033,11,11,1180667,0.18,458,54,85.4,18.4,47.3,26.5,78.5
2025-01-16,India,Dengue Virus (DEN-1-4),2382,27415,12,23,1182535,0.2,465,64,81.3,12.6,47.4,25.5,78.4
2025-01-17,India,Dengue Virus (DEN-1-4),2435,29850,12,35,1181584,0.21,469,73,84.6,13.8,47.5,26.2,78.5
2025-01-18,India,Dengue Virus (DEN-1-4),2335,32185,11,46,1182021,0.2,489,84,86.5,19.9,47.6,28.2,85.6
2025-01-19,India,Dengue Virus (DEN-1-4),2030,34215,10,56,1180096,0.17,508,92,78.9,17.9,47.7,26.7,80.4
2025-01-20,India,Dengue Virus (DEN-1-4),2806,37021,12,68,1183551,0.24,536,100,81.8,17.7,47.8,26.7,80.5
2025-01-21,India,Dengue Virus (DEN-1-4),3547,40568,15,83,1189497,0.3,559,112,84.1,19.2,47.9,24.7,82.2
2025-01-22,India,Dengue Virus (DEN-1-4),3431,43999,15,98,1189004,0.29,577,115,82.6,20.0,48.0,28.0,79.7
2025-01-23,India,Dengue Virus (DEN-1-4),3736,47735,14,112,1191357,0.31,591,119,83.6,17.7,48.1,27.9,78.1
2025-01-24,India,Dengue Virus (DEN-1-4),3651,51386,15,127,1190817,0.31,599,124,81.7,16.9,48.3,30.3,78.2
2025-01-25,India,Dengue Virus (DEN-1-4),3481,54867,13,140,1187366,0.29,624,130,83.1,19.6,48.4,26.8,78.5
2025-01-26,India,Dengue Virus (DEN-1-4),3462,58329,12,152,1187692,0.29,681,136,82.7,16.1,48.5,27.7,78.5
2025-01-27,India,Dengue Virus (DEN-1-4),4656,62985,19,171,1196309,0.39,738,139,84.6,21.6,48.6,27.9,80.7
2025-01-28,India,Dengue Virus (DEN-1-4),5533,68518,17,188,1201569,0.46,783,144,82.3,16.3,48.8,30.0,78.5
2025-01-29,India,Dengue Virus (DEN-1-4),5652,74170,20,208,1202285,0.47,832,153,82.4,24.6,48.9,27.6,80.5
2025-01-30,India,Dengue Virus (DEN-1-4),6249,80419,18,226,1209204,0.52,872,162,80.5,23.6,49.1,28.3,77.9
2025-01-31,India,Dengue Virus (DEN-1-4),6654,87073,21,247,1208352,0.55,904,171,80.1,23.5,49.2,28.9,78.3
2025-02-01,India,Dengue Virus (DEN-1-4),6979,94052,19,266,1210867,0.58,969,182,80.0,26.0,49.3,28.4,71.9
2025-02-02,India,Dengue Virus (DEN-1-4),6038,100090,19,285,1205040,0.5,1062,193,82.3,27.0,49.5,27.5,80.5
2025-02-03,India,Dengue Virus (DEN-1-4),8268,108358,21,306,1218117,0.68,1168,200,79.3,27.6,49.7,28.6,78.7
2025-02-04,India,Dengue Virus (DEN-1-4),10047,118405,26,332,1227824,0.82,1269,214,79.7,21.1,49.8,30.1,80.5
2025-02-05,India,Dengue Virus (DEN-1-4),9613,128018,26,358,1226294,0.78,1360,233,83.5,22.3,50.0,27.0,68.6
2025-02-06,India,Dengue Virus (DEN-1-4),11365,139383,25,383,1235275,0.92,1464,250,80.1,26.3,50.2,28.9,83.4
2025-02-07,India,Dengue Virus (DEN-1-4),10703,150086,28,411,1231839,0.87,1531,271,78.1,27.5,50.4,27.7,76.6
2025-02-08,India,Dengue Virus (DEN-1-4),10092,160178,26,437,1227924,0.82,1666,294,81.5,28.2,50.5,30.7,80.2
2025-02-09,India,Dengue Virus (DEN-1-4),10590,170768,28,465,1231479,0.86,1858,320,78.0,25.1,50.7,26.7,73.6
2025-02-10,India,Dengue Virus (DEN-1-4),15812,186580,38,503,1265044,1.25,2038,338,71.7,33.8,50.9,28.3,78.4
2025-02-11,India,Dengue Virus (DEN-1-4),16404,202984,51,554,1264414,1.3,2234,363,73.4,31.7,51.1,29.8,73.2
2025-02-12,India,Dengue Virus (DEN-1-4),17253,220237,49,603,1272062,1.36,2385,399,71.2,33.1,51.3,31.7,74.3
2025-02-13,India,Dengue Virus (DEN-1-4),18209,238446,48,651,1275499,1.43,2515,430,73.6,31.8,51.5,29.3,81.8
2025-02-14,India,Dengue Virus (DEN-1-4),17994,256440,49,700,1275350,1.41,2642,471,74.5,33.0,51.8,28.7,75.3
2025-02-15,India,Dengue Virus (DEN-1-4),16816,273256,58,758,1269842,1.32,2910,510,78.5,30.4,52.0,32.4,76.3
2025-02-16,India,Dengue Virus (DEN-1-4),16045,289301,43,801,1264192,1.27,3186,546,76.3,30.6,52.2,27.5,78.1
2025-02-17,India,Dengue Virus (DEN-1-4),24955,314256,76,877,1316510,1.9,3514,577,69.9,47.0,52.4,26.5,76.8
2025-02-18,India,Dengue Virus (DEN-1-4),25231,339487,88,965,1318528,1.91,3805,633,71.9,41.3,52.7,30.6,75.6
2025-02-19,India,Dengue Virus (DEN-1-4),23224,362711,74,1039,1307881,1.78,4037,690,67.0,49.7,52.9,29.2,76.0
2025-02-20,India,Dengue Virus (DEN-1-4),27735,390446,78,1117,1333537,2.08,4248,749,69.2,48.5,53.2,28.6,81.9
2025-02-21,India,Dengue Virus (DEN-1-4),27762,418208,95,1212,1334646,2.08,4385,811,70.3,47.6,53.4,31.2,74.4
2025-02-22,India,Dengue Virus (DEN-1-4),23798,442006,80,1292,1310691,1.82,4801,870,68.1,39.9,53.7,30.6,74.9
2025-02-23,India,Dengue Virus (DEN-1-4),23670,465676,93,1385,1309226,1.81,5244,928,73.4,44.5,54.0,29.5,77.3
2025-02-24,India,Dengue Virus (DEN-1-4),33792,499468,110,1495,1372753,2.46,5614,970,65.9,52.3,54.2,28.5,77.2
2025-02-25,India,Dengue Virus (DEN-1-4),34687,534155,125,1620,1376613,2.52,5963,1050,63.9,55.5,54.5,31.8,77.3
2025-02-26,India,Dengue Virus (DEN-1-4),32109,566264,138,1758,1358486,2.36,6295,1134,67.5,59.8,54.8,31.6,75.4
2025-02-27,India,Dengue Virus (DEN-1-4),34051,600315,146,1904,1372350,2.48,6486,1197,69.6,54.1,55.1,30.5,69.8
2025-02-28,India,Dengue Virus (DEN-1-4),36199,636514,139,2043,1384390,2.61,6646,1288,64.2,60.3,55.4,33.5,78.0
2025-03-01,India,Dengue Virus (DEN-1-4),32116,668630,141,2184,1361406,2.36,7108,1383,66.7,50.0,55.7,29.2,69.4
2025-03-02,India,Dengue Virus (DEN-1-4),26559,695189,117,2301,1326419,2.0,7631,1454,68.5,45.6,56.0,28.6,73.5
2025-03-03,India,Dengue Virus (DEN-1-4),36901,732090,197,2498,1389149,2.66,8101,1496,61.7,63.0,56.3,29.9,70.1
2025-03-04,India,Dengue Virus (DEN-1-4),35211,767301,204,2702,1379628,2.55,8367,1589,66.0,53.8,56.6,31.0,72.0
2025-03-05,India,Dengue Virus (DEN-1-4),35273,802574,193,2895,1380361,2.56,8688,1683,62.6,61.2,56.9,31.5,72.9
2025-03-06,India,Dengue Virus (DEN-1-4),40032,842606,235,3130,1406849,2.85,8948,1757,61.7,63.4,57.2,30.8,72.7
2025-03-07,India,Dengue Virus (DEN-1-4),41337,883943,202,3332,1415545,2.92,8913,1844,59.8,61.1,57.5,31.7,72.7
2025-03-08,India,Dengue Virus (DEN-1-4),31846,915789,167,3499,1358459,2.34,9181,1947,67.3,53.7,57.8,29.4,76.1
2025-03-09,India,Dengue Virus (DEN-1-4),29916,945705,209,3708,1346700,2.22,9514,2034,68.1,52.5,58.2,33.5,72.4
2025-03-10,India,Dengue Virus (DEN-1-4),38509,984214,278,3986,1400677,2.75,9854,2042,64.5,61.4,58.5,31.3,70.0
2025-03-11,India,Dengue Virus (DEN-1-4),35842,1020056,261,4247,1383314,2.59,10036,2105,63.0,51.7,58.8,33.1,73.4
2025-03-12,India,Dengue Virus (DEN-1-4),37568,1057624,289,4536,1392005,2.7,10231,2169,62.5,56.2,59.2,32.0,73.8
2025-03-13,India,Dengue Virus (DEN-1-4),39489,1097113,275,4811,1405709,2.81,10223,2210,59.9,59.9,59.5,32.2,66.3
2025-03-14,India,Dengue Virus (DEN-1-4),35361,1132474,317,5128,1382146,2.56,10102,2275,63.4,55.7,59.9,32.4,71.6
2025-03-15,India,Dengue Virus (DEN-1-4),31747,1164221,258,5386,1359372,2.34,10170,2369,67.2,53.6,60.2,32.3,71.6
2025-03-16,India,Dengue Virus (DEN-1-4),21122,1185343,248,5634,1293070,1.63,10279,2413,74.1,39.9,60.6,32.6,68.4
2025-03-17,India,Dengue Virus (DEN-1-4),34383,1219726,337,5971,1373671,2.5,10601,2392,63.0,50.7,60.9,33.7,73.2
2025-03-18,India,Dengue Virus (DEN-1-4),31895,1251621,276,6247,1360494,2.34,10676,2413,68.1,53.0,61.3,32.0,68.3
2025-03-19,India,Dengue Virus (DEN-1-4),30082,1281703,304,6551,1347642,2.23,10681,2433,70.1,51.6,61.6,32.8,68.9
2025-03-20,India,Dengue Virus (DEN-1-4),29646,1311349,337,6888,1346177,2.2,10578,2452,68.5,50.9,62.0,31.7,67.8
2025-03-21,India,Dengue Virus (DEN-1-4),24920,1336269,367,7255,1318152,1.89,10025,2469,74.2,47.0,62.3,34.0,68.1
2025-03-22,India,Dengue Virus (DEN-1-4),22390,1358659,235,7490,1301271,1.72,9821,2487,70.3,43.4,62.7,30.8,64.5
2025-03-23,India,Dengue Virus (DEN-1-4),19597,1378256,252,7742,1285380,1.52,9823,2515,71.0,39.0,63.0,34.6,63.2
2025-03-24,India,Dengue Virus (DEN-1-4),26748,1405004,334,8076,1325104,2.02,9827,2430,65.8,45.7,63.4,31.8,72.0
2025-03-25,India,Dengue Virus (DEN-1-4),22582,1427586,246,8322,1302325,1.73,9568,2426,74.8,36.1,63.7,29.8,64.5
2025-03-26,India,Dengue Virus (DEN-1-4),20980,1448566,272,8594,1293485,1.62,9249,2408,74.0,40.5,64.1,32.1,63.8
2025-03-27,India,Dengue Virus (DEN-1-4),20179,1468745,264,8858,1287684,1.57,8805,2354,73.1,38.9,64.4,30.9,60.0
2025-03-28,India,Dengue Virus (DEN-1-4),20660,1489405,277,9135,1293450,1.6,8223,2291,73.5,39.7,64.8,33.2,64.3
2025-03-29,India,Dengue Virus (DEN-1-4),15719,1505124,269,9404,1260741,1.25,7971,2254,73.5,29.3,65.1,31.0,62.0
2025-03-30,India,Dengue Virus (DEN-1-4),12399,1517523,189,9593,1241811,1.0,7703,2214,82.6,26.1,65.4,31.3,70.6
2025-03-31,India,Dengue Virus (DEN-1-4),16628,1534151,277,9870,1267756,1.31,7699,2113,75.5,37.4,65.8,29.2,68.5
2025-04-01,India,Dengue Virus (DEN-1-4),15165,1549316,288,10158,1260289,1.2,7283,2064,76.3,32.4,66.1,31.3,63.1
2025-04-02,India,Dengue Virus (DEN-1-4),14901,1564217,214,10372,1255828,1.19,6955,1983,77.7,34.3,66.5,28.4,71.7
2025-04-03,India,Dengue Virus (DEN-1-4),12600,1576817,205,10577,1244621,1.01,6535,1884,78.6,29.7,66.8,29.6,67.6
2025-04-04,India,Dengue Virus (DEN-1-4),12057,1588874,198,10775,1240210,0.97,6030,1803,78.4,29.0,67.1,33.1,63.4
2025-04-05,India,Dengue Virus (DEN-1-4),9431,1598305,185,10960,1223462,0.77,5788,1743,77.9,28.7,67.4,33.2,56.7
2025-04-06,India,Dengue Virus (DEN-1-4),7342,1605647,156,11116,1212372,0.61,5576,1714,81.6,21.9,67.8,32.6,70.8
2025-04-07,India,Dengue Virus (DEN-1-4),10421,1616068,179,11295,1230583,0.85,5439,1596,82.7,27.3,68.1,30.5,59.5
2025-04-08,India,Dengue Virus (DEN-1-4),9895,1625963,179,11474,1226627,0.81,5025,1515,81.9,25.1,68.4,31.9,58.4
2025-04-09,India,Dengue Virus (DEN-1-4),9353,1635316,150,11624,1224045,0.76,4717,1435,82.7,24.5,68.7,31.9,66.2
2025-04-10,India,Dengue Virus (DEN-1-4),8942,1644258,170,11794,1221124,0.73,4379,1356,78.7,24.4,69.0,30.2,70.2
2025-04-11,India,Dengue Virus (DEN-1-4),8151,1652409,170,11964,1216877,0.67,4004,1289,78.2,25.1,69.3,34.2,66.8
2025-04-12,India,Dengue Virus (DEN-1-4),7246,1659655,116,12080,1211996,0.6,3704,1234,80.5,21.9,69.6,33.2,64.0
2025-04-13,India,Dengue Virus (DEN-1-4),6521,1666176,95,12175,1208570,0.54,3534,1180,81.3,26.3,69.9,31.5,63.9
2025-04-14,India,Dengue Virus (DEN-1-4),8750,1674926,122,12297,1219120,0.72,3445,1075,82.1,22.4,70.2,31.9,64.4
2025-04-15,India,Dengue Virus (DEN-1-4),9473,1684399,121,12418,1226829,0.77,3220,1010,76.1,25.4,70.5,32.1,63.9
2025-04-16,India,Dengue Virus (DEN-1-4),10331,1694730,128,12546,1227891,0.84,3015,951,82.0,25.6,70.7,28.7,62.2
2025-04-17,India,Dengue Virus (DEN-1-4),11979,1706709,93,12639,1239580,0.97,2791,893,77.7,33.2,71.0,31.4,61.4
2025-04-18,India,Dengue Virus (DEN-1-4),11715,1718424,100,12739,1238736,0.95,2613,830,77.3,29.1,71.3,30.7,60.6
2025-04-19,India,Dengue Virus (DEN-1-4),10712,1729136,72,12811,1232410,0.87,2517,789,76.7,30.5,71.5,30.1,58.3
2025-04-20,India,Dengue Virus (DEN-1-4),10163,1739299,55,12866,1228213,0.83,2518,762,75.7,22.3,71.8,31.2,59.5
2025-04-21,India,Dengue Virus (DEN-1-4),13327,1752626,83,12949,1247611,1.07,2605,707,78.8,31.2,72.1,34.3,55.0
2025-04-22,India,Dengue Virus (DEN-1-4),16515,1769141,73,13022,1266454,1.3,2651,673,75.5,36.8,72.3,32.5,59.6
2025-04-23,India,Dengue Virus (DEN-1-4),18245,1787386,72,13094,1276738,1.43,2704,644,71.7,36.3,72.5,30.6,56.6
2025-04-24,India,Dengue Virus (DEN-1-4),22923,1810309,65,13159,1306245,1.75,2744,632,69.0,44.7,72.8,32.3,56.1
2025-04-25,India,Dengue Virus (DEN-1-4),21655,1831964,75,13234,1298145,1.67,2779,631,71.6,38.5,73.0,33.5,59.7
2025-04-26,India,Dengue Virus (DEN-1-4),20461,1852425,58,13292,1289931,1.59,2931,644,76.4,42.9,73.2,32.7,63.1
2025-04-27,India,Dengue Virus (DEN-1-4),19401,1871826,49,13341,1285163,1.51,3202,662,73.1,44.3,73.4,31.3,61.4
2025-04-28,India,Dengue Virus (DEN-1-4),26474,1898300,71,13412,1327009,2.0,3545,660,66.5,44.5,73.6,30.2,53.7
2025-04-29,India,Dengue Virus (DEN-1-4),32971,1931271,75,13487,1366496,2.41,3959,679,65.2,51.8,73.9,32.2,55.2
2025-04-30,India,Dengue Virus (DEN-1-4),34809,1966080,81,13568,1377341,2.53,4316,717,64.1,59.6,74.1,31.7,60.8
2025-05-01,India,Dengue Virus (DEN-1-4),37498,2003578,101,13669,1392017,2.69,4612,767,57.6,63.1,74.3,32.3,54.8
2025-05-02,India,Dengue Virus (DEN-1-4),36218,2039796,99,13768,1384605,2.62,4829,846,63.7,55.3,74.4,31.9,56.8
2025-05-03,India,Dengue Virus (DEN-1-4),37078,2076874,82,13850,1391073,2.67,5261,924,62.8,56.6,74.6,32.4,58.9
2025-05-04,India,Dengue Virus (DEN-1-4),29435,2106309,78,13928,1345078,2.19,5912,998,69.2,48.2,74.8,30.0,54.1
2025-05-05,India,Dengue Virus (DEN-1-4),47256,2153565,104,14032,1451373,3.26,6633,1055,61.0,65.6,75.0,32.7,57.1
2025-05-06,India,Dengue Virus (DEN-1-4),54232,2207797,108,14140,1493367,3.63,7340,1147,55.5,74.9,75.2,30.9,52.6
2025-05-07,India,Dengue Virus (DEN-1-4),47108,2254905,128,14268,1451783,3.24,7916,1268,56.9,66.4,75.3,33.7,54.6
2025-05-08,India,Dengue Virus (DEN-1-4),50306,2305211,203,14471,1469102,3.42,8467,1390,53.3,70.8,75.5,29.4,57.2
2025-05-09,India,Dengue Virus (DEN-1-4),54198,2359409,196,14667,1493593,3.63,8658,1529,58.4,77.5,75.6,33.0,51.2
2025-05-10,India,Dengue Virus (DEN-1-4),45077,2404486,160,14827,1438117,3.13,9406,1665,58.7,67.8,75.8,30.6,57.1
2025-05-11,India,Dengue Virus (DEN-1-4),38272,2442758,162,14989,1397272,2.74,10394,1810,62.6,63.9,75.9,29.2,55.5
2025-05-12,India,Dengue Virus (DEN-1-4),58129,2500887,217,15206,1517730,3.83,11205,1896,50.9,79.2,76.1,29.4,57.0
2025-05-13,India,Dengue Virus (DEN-1-4),54958,2555845,329,15535,1498431,3.67,11902,2061,53.2,81.5,76.2,29.6,55.8
2025-05-14,India,Dengue Virus (DEN-1-4),60901,2616746,303,15838,1534077,3.97,12523,2254,49.0,84.8,76.3,30.6,59.1
2025-05-15,India,Dengue Virus (DEN-1-4),56161,2672907,297,16135,1506129,3.73,12823,2384,51.0,79.8,76.5,30.6,55.2
2025-05-16,India,Dengue Virus (DEN-1-4),64881,2737788,268,16403,1557165,4.17,12846,2537,45.9,92.0,76.6,28.9,53.3
2025-05-17,India,Dengue Virus (DEN-1-4),47109,2784897,259,16662,1451193,3.25,13486,2718,57.3,66.1,76.7,29.6,54.8
2025-05-18,India,Dengue Virus (DEN-1-4),42476,2827373,239,16901,1422403,2.99,14009,2856,59.0,65.2,76.8,32.8,55.9
2025-05-19,India,Dengue Virus (DEN-1-4),60147,2887520,355,17256,1529064,3.93,14930,2919,48.3,85.0,77.0,32.1,54.2
2025-05-20,India,Dengue Virus (DEN-1-4),51975,2939495,384,17640,1479577,3.51,15190,3054,54.8,76.6,77.1,30.0,54.0
2025-05-21,India,Dengue Virus (DEN-1-4),55385,2994880,357,17997,1500264,3.69,15502,3162,52.1,79.9,77.2,29.3,51.6
2025-05-22,India,Dengue Virus (DEN-1-4),57079,3051959,368,18365,1510927,3.78,15502,3288,54.6,88.3,77.3,29.3,51.5
2025-05-23,India,Dengue Virus (DEN-1-4),46091,3098050,492,18857,1443585,3.19,15273,3395,52.7,66.4,77.4,30.0,49.2
2025-05-24,India,Dengue Virus (DEN-1-4),41450,3139500,386,19243,1418650,2.92,15447,3544,62.9,61.3,77.5,27.4,58.5
2025-05-25,India,Dengue Virus (DEN-1-4),35210,3174710,306,19549,1378111,2.55,15649,3638,66.9,53.8,77.6,28.4,49.3
2025-05-26,India,Dengue Virus (DEN-1-4),46381,3221091,520,20069,1444929,3.21,16149,3613,53.7,66.9,77.7,26.2,50.8
2025-05-27,India,Dengue Virus (DEN-1-4),38739,3259830,442,20511,1401450,2.76,16118,3645,61.6,57.9,77.7,29.2,50.6
2025-05-28,India,Dengue Virus (DEN-1-4),36209,3296039,454,20965,1385903,2.61,15859,3671,63.0,60.4,77.8,29.5,55.3
2025-05-29,India,Dengue Virus (DEN-1-4),37924,3333963,504,21469,1396026,2.72,15290,3698,60.0,63.1,77.9,27.7,51.6
2025-05-30,India,Dengue Virus (DEN-1-4),34824,3368787,541,22010,1377430,2.53,14677,3713,63.0,53.5,78.0,30.6,56.1
2025-05-31,India,Dengue Virus (DEN-1-4),26947,3395734,346,22356,1329527,2.03,14136,3719,67.0,43.7,78.1,26.3,50.2
2025-06-01,India,Dengue Virus (DEN-1-4),22130,3417864,335,22691,1299740,1.7,13891,3736,75.5,42.0,78.1,25.8,52.9
2025-06-02,India,Dengue Virus (DEN-1-4),25665,3443529,447,23138,1321923,1.94,13708,3613,71.8,43.0,78.2,28.2,49.4
2025-06-03,India,Dengue Virus (DEN-1-4),24753,3468282,370,23508,1315698,1.88,13058,3567,73.0,45.5,78.3,29.4,58.2
2025-06-04,India,Dengue Virus (DEN-1-4),22558,3490840,476,23984,1304181,1.73,12556,3448,73.2,41.7,78.3,30.2,48.1
2025-06-05,India,Dengue Virus (DEN-1-4),19178,3510018,526,24510,1282778,1.5,11724,3341,71.5,32.6,78.4,26.9,52.5
2025-06-06,India,Dengue Virus (DEN-1-4),20045,3530063,327,24837,1287302,1.56,10702,3196,72.2,42.8,78.5,29.0,53.3
2025-06-07,India,Dengue Virus (DEN-1-4),13917,3543980,347,25184,1251038,1.11,10105,3131,77.8,36.5,78.5,27.2,52.6
2025-06-08,India,Dengue Virus (DEN-1-4),9933,3553913,267,25451,1227868,0.81,9616,3047,76.7,24.6,78.6,26.9,50.7
2025-06-09,India,Dengue Virus (DEN-1-4),13295,3567208,357,25808,1247064,1.07,9246,2843,78.6,29.2,78.6,28.4,50.7
2025-06-10,India,Dengue Virus (DEN-1-4),10656,3577864,295,26103,1230971,0.87,8451,2702,78.3,28.2,78.7,27.9,51.2
2025-06-11,India,Dengue Virus (DEN-1-4),10451,3588315,270,26373,1230807,0.85,7904,2538,78.1,28.1,78.7,24.4,50.5
2025-06-12,India,Dengue Virus (DEN-1-4),9382,3597697,305,26678,1224394,0.77,7252,2353,80.9,27.8,78.8,28.9,53.7
2025-06-13,India,Dengue Virus (DEN-1-4),7311,3605008,260,26938,1211217,0.6,6433,2209,81.6,29.5,78.8,28.6,57.4
2025-06-14,India,Dengue Virus (DEN-1-4),5965,3610973,220,27158,1203176,0.5,5803,2094,80.8,21.4,78.9,25.4,49.0
2025-06-15,India,Dengue Virus (DEN-1-4),4475,3615448,176,27334,1194940,0.37,5327,1980,84.7,17.8,78.9,26.8,46.5
2025-06-16,India,Dengue Virus (DEN-1-4),5389,3620837,201,27535,1198743,0.45,4985,1784,79.7,17.1,79.0,26.9,50.3
2025-06-17,India,Dengue Virus (DEN-1-4),5001,3625838,184,27719,1196456,0.42,4509,1648,83.3,18.6,79.0,26.4,58.2
2025-06-18,India,Dengue Virus (DEN-1-4),3875,3629713,172,27891,1190389,0.33,3999,1511,83.9,19.4,79.0,25.0,48.0
2025-06-19,India,Dengue Virus (DEN-1-4),3301,3633014,163,28054,1187450,0.28,3513,1363,82.4,24.2,79.1,24.7,55.3
2025-06-20,India,Dengue Virus (DEN-1-4),2892,3635906,167,28221,1185520,0.24,3083,1227,84.0,16.8,79.1,25.5,55.3
2025-06-21,India,Dengue Virus (DEN-1-4),2167,3638073,103,28324,1182335,0.18,2655,1122,81.2,18.2,79.1,27.2,48.6
2025-06-22,India,Dengue Virus (DEN-1-4),1804,3639877,80,28404,1179539,0.15,2394,1035,85.8,17.0,79.2,26.1,51.9
2025-06-23,India,Dengue Virus (DEN-1-4),2257,3642134,113,28517,1181240,0.19,2217,921,83.3,21.2,79.2,24.6,55.0
2025-06-24,India,Dengue Virus (DEN-1-4),2063,3644197,74,28591,1180216,0.17,1924,818,82.7,25.0,79.2,26.2,49.0
2025-06-25,India,Dengue Virus (DEN-1-4),1978,3646175,87,28678,1178723,0.17,1697,723,85.9,15.7,79.3,20.6,49.5
2025-06-26,India,Dengue Virus (DEN-1-4),1774,3647949,71,28749,1178483,0.15,1455,641,82.6,15.6,79.3,26.5,48.3
2025-06-27,India,Dengue Virus (DEN-1-4),1837,3649786,61,28810,1178591,0.16,1233,552,81.1,20.3,79.3,22.0,47.0
2025-06-28,India,Dengue Virus (DEN-1-4),1344,3651130,45,28855,1176244,0.11,1085,492,81.1,18.6,79.3,23.9,48.1
2025-06-29,India,Dengue Virus (DEN-1-4),1373,3652503,31,28886,1175268,0.12,971,451,85.4,22.1,79.4,22.7,46.3
2025-01-01,India,Novel Influenza (H5N1 Flu),1353,1353,0,0,1176601,0.11,0,0,81.0,12.7,46.4,24.9,76.1
2025-01-02,India,Novel Influenza (H5N1 Flu),1358,2711,0,0,1175148,0.12,0,0,84.3,21.8,46.4,23.6,83.5
2025-01-03,India,Novel Influenza (H5N1 Flu),1483,4194,0,0,1175685,0.13,0,0,84.7,10.5,46.5,25.2,78.6
2025-01-04,India,Novel Influenza (H5N1 Flu),1361,5555,0,0,1176506,0.12,0,0,82.4,21.7,46.5,26.1,81.0
2025-01-05,India,Novel Influenza (H5N1 Flu),1135,6690,0,0,1174444,0.1,0,0,85.6,16.9,46.6,25.8,79.8
2025-01-06,India,Novel Influenza (H5N1 Flu),1591,8281,0,0,1178118,0.14,45,0,80.7,16.5,46.7,25.5,81.4
2025-01-07,India,Novel Influenza (H5N1 Flu),1838,10119,0,0,1179359,0.16,91,0,83.8,15.5,46.7,26.4,80.1
2025-01-08,India,Novel Influenza (H5N1 Flu),1828,11947,0,0,1178753,0.16,141,0,81.5,18.3,46.8,26.7,76.0
2025-01-09,India,Novel Influenza (H5N1 Flu),1768,13715,0,0,1177619,0.15,187,15,82.7,16.9,46.9,27.2,82.8
2025-01-10,India,Novel Influenza (H5N1 Flu),1956,15671,0,0,1178079,0.17,225,31,83.9,20.6,46.9,26.2,78.3
2025-01-11,India,Novel Influenza (H5N1 Flu),1607,17278,0,0,1177053,0.14,279,48,82.3,17.2,47.0,25.1,75.1
2025-01-12,India,Novel Influenza (H5N1 Flu),1485,18763,0,0,1177624,0.13,341,64,83.4,17.2,47.1,25.7,78.4
2025-01-13,India,Novel Influenza (H5N1 Flu),2178,20941,0,0,1181140,0.18,403,77,85.7,16.4,47.2,27.5,84.2
2025-01-14,India,Novel Influenza (H5N1 Flu),1986,22927,0,0,1178528,0.17,462,95,82.7,17.1,47.3,24.6,82.2
2025-01-15,India,Novel Influenza (H5N1 Flu),2106,25033,35,35,1180667,0.18,528,116,85.4,18.4,47.3,26.5,78.5
2025-01-16,India,Novel Influenza (H5N1 Flu),2382,27415,38,73,1182535,0.2,537,137,81.3,12.6,47.4,25.5,78.4
2025-01-17,India,Novel Influenza (H5N1 Flu),2435,29850,37,110,1181584,0.21,541,158,84.6,13.8,47.5,26.2,78.5
2025-01-18,India,Novel Influenza (H5N1 Flu),2335,32185,35,145,1182021,0.2,565,181,86.5,19.9,47.6,28.2,85.6
2025-01-19,India,Novel Influenza (H5N1 Flu),2030,34215,30,175,1180096,0.17,586,199,78.9,17.9,47.7,26.7,80.4
2025-01-20,India,Novel Influenza (H5N1 Flu),2806,37021,38,213,1183551,0.24,619,216,81.8,17.7,47.8,26.7,80.5
2025-01-21,India,Novel Influenza (H5N1 Flu),3547,40568,47,260,1189497,0.3,645,241,84.1,19.2,47.9,24.7,82.2
2025-01-22,India,Novel Influenza (H5N1 Flu),3431,43999,46,306,1189004,0.29,665,249,82.6,20.0,48.0,28.0,79.7
2025-01-23,India,Novel Influenza (H5N1 Flu),3736,47735,45,351,1191357,0.31,683,257,83.6,17.7,48.1,27.9,78.1
2025-01-24,India,Novel Influenza (H5N1 Flu),3651,51386,46,397,1190817,0.31,691,268,81.7,16.9,48.3,30.3,78.2
2025-01-25,India,Novel Influenza (H5N1 Flu),3481,54867,40,437,1187366,0.29,720,280,83.1,19.6,48.4,26.8,78.5
2025-01-26,India,Novel Influenza (H5N1 Flu),3462,58329,39,476,1187692,0.29,786,294,82.7,16.1,48.5,27.7,78.5
2025-01-27,India,Novel Influenza (H5N1 Flu),4656,62985,61,537,1196309,0.39,851,299,84.6,21.6,48.6,27.9,80.7
2025-01-28,India,Novel Influenza (H5N1 Flu),5533,68518,53,590,1201569,0.46,904,310,82.3,16.3,48.8,30.0,78.5
2025-01-29,India,Novel Influenza (H5N1 Flu),5652,74170,62,652,1202285,0.47,960,330,82.4,24.6,48.9,27.6,80.5
2025-01-30,India,Novel Influenza (H5N1 Flu),6249,80419,56,708,1209204,0.52,1006,349,80.5,23.6,49.1,28.3,77.9
2025-01-31,India,Novel Influenza (H5N1 Flu),6654,87073,65,773,1208352,0.55,1043,370,80.1,23.5,49.2,28.9,78.3
2025-02-01,India,Novel Influenza (H5N1 Flu),6979,94052,59,832,1210867,0.58,1118,393,80.0,26.0,49.3,28.4,71.9
2025-02-02,India,Novel Influenza (H5N1 Flu),6038,100090,60,892,1205040,0.5,1226,417,82.3,27.0,49.5,27.5,80.5
2025-02-03,India,Novel Influenza (H5N1 Flu),8268,108358,66,958,1218117,0.68,1348,431,79.3,27.6,49.7,28.6,78.7
2025-02-04,India,Novel Influenza (H5N1 Flu),10047,118405,83,1041,1227824,0.82,1464,462,79.7,21.1,49.8,30.1,80.5
2025-02-05,India,Novel Influenza (H5N1 Flu),9613,128018,82,1123,1226294,0.78,1569,502,83.5,22.3,50.0,27.0,68.6
2025-02-06,India,Novel Influenza (H5N1 Flu),11365,139383,78,1201,1235275,0.92,1689,540,80.1,26.3,50.2,28.9,83.4
2025-02-07,India,Novel Influenza (H5N1 Flu),10703,150086,87,1288,1231839,0.87,1766,584,78.1,27.5,50.4,27.7,76.6
2025-02-08,India,Novel Influenza (H5N1 Flu),10092,160178,82,1370,1227924,0.82,1922,633,81.5,28.2,50.5,30.7,80.2
2025-02-09,India,Novel Influenza (H5N1 Flu),10590,170768,88,1458,1231479,0.86,2144,691,78.0,25.1,50.7,26.7,73.6
2025-02-10,India,Novel Influenza (H5N1 Flu),15812,186580,120,1578,1265044,1.25,2352,728,71.7,33.8,50.9,28.3,78.4
2025-02-11,India,Novel Influenza (H5N1 Flu),16404,202984,159,1737,1264414,1.3,2578,782,73.4,31.7,51.1,29.8,73.2
2025-02-12,India,Novel Influenza (H5N1 Flu),17253,220237,152,1889,1272062,1.36,2752,859,71.2,33.1,51.3,31.7,74.3
2025-02-13,India,Novel Influenza (H5N1 Flu),18209,238446,149,2038,1275499,1.43,2902,927,73.6,31.8,51.5,29.3,81.8
2025-02-14,India,Novel Influenza (H5N1 Flu),17994,256440,154,2192,1275350,1.41,3049,1016,74.5,33.0,51.8,28.7,75.3
2025-02-15,India,Novel Influenza (H5N1 Flu),16816,273256,181,2373,1269842,1.32,3358,1099,78.5,30.4,52.0,32.4,76.3
2025-02-16,India,Novel Influenza (H5N1 Flu),16045,289301,135,2508,1264192,1.27,3676,1176,76.3,30.6,52.2,27.5,78.1
2025-02-17,India,Novel Influenza (H5N1 Flu),24955,314256,237,2745,1316510,1.9,4054,1244,69.9,47.0,52.4,26.5,76.8
2025-02-18,India,Novel Influenza (H5N1 Flu),25231,339487,275,3020,1318528,1.91,4390,1363,71.9,41.3,52.7,30.6,75.6
2025-02-19,India,Novel Influenza (H5N1 Flu),23224,362711,231,3251,1307881,1.78,4658,1487,67.0,49.7,52.9,29.2,76.0
2025-02-20,India,Novel Influenza (H5N1 Flu),27735,390446,245,3496,1333537,2.08,4901,1614,69.2,48.5,53.2,28.6,81.9
2025-02-21,India,Novel Influenza (H5N1 Flu),27762,418208,297,3793,1334646,2.08,5059,1748,70.3,47.6,53.4,31.2,74.4
2025-02-22,India,Novel Influenza (H5N1 Flu),23798,442006,250,4043,1310691,1.82,5540,1875,68.1,39.9,53.7,30.6,74.9
2025-02-23,India,Novel Influenza (H5N1 Flu),23670,465676,291,4334,1309226,1.81,6051,2000,73.4,44.5,54.0,29.5,77.3
2025-02-24,India,Novel Influenza (H5N1 Flu),33792,499468,345,4679,1372753,2.46,6478,2089,65.9,52.3,54.2,28.5,77.2
2025-02-25,India,Novel Influenza (H5N1 Flu),34687,534155,390,5069,1376613,2.52,6880,2262,63.9,55.5,54.5,31.8,77.3
2025-02-26,India,Novel Influenza (H5N1 Flu),32109,566264,432,5501,1358486,2.36,7263,2442,67.5,59.8,54.8,31.6,75.4
2025-02-27,India,Novel Influenza (H5N1 Flu),34051,600315,457,5958,1372350,2.48,7484,2579,69.6,54.1,55.1,30.5,69.8
2025-02-28,India,Novel Influenza (H5N1 Flu),36199,636514,434,6392,1384390,2.61,7669,2776,64.2,60.3,55.4,33.5,78.0
2025-03-01,India,Novel Influenza (H5N1 Flu),32116,668630,441,6833,1361406,2.36,8202,2980,66.7,50.0,55.7,29.2,69.4
2025-03-02,India,Novel Influenza (H5N1 Flu),26559,695189,367,7200,1326419,2.0,8805,3132,68.5,45.6,56.0,28.6,73.5
2025-03-03,India,Novel Influenza (H5N1 Flu),36901,732090,617,7817,1389149,2.66,9347,3223,61.7,63.0,56.3,29.9,70.1
2025-03-04,India,Novel Influenza (H5N1 Flu),35211,767301,637,8454,1379628,2.55,9654,3424,66.0,53.8,56.6,31.0,72.0
2025-03-05,India,Novel Influenza (H5N1 Flu),35273,802574,604,9058,1380361,2.56,10024,3625,62.6,61.2,56.9,31.5,72.9
2025-03-06,India,Novel Influenza (H5N1 Flu),40032,842606,733,9791,1406849,2.85,10324,3786,61.7,63.4,57.2,30.8,72.7
2025-03-07,India,Novel Influenza (H5N1 Flu),41337,883943,632,10423,1415545,2.92,10285,3971,59.8,61.1,57.5,31.7,72.7
2025-03-08,India,Novel Influenza (H5N1 Flu),31846,915789,522,10945,1358459,2.34,10593,4195,67.3,53.7,57.8,29.4,76.1
2025-03-09,India,Novel Influenza (H5N1 Flu),29916,945705,652,11597,1346700,2.22,10978,4381,68.1,52.5,58.2,33.5,72.4
2025-03-10,India,Novel Influenza (H5N1 Flu),38509,984214,867,12464,1400677,2.75,11370,4399,64.5,61.4,58.5,31.3,70.0
2025-03-11,India,Novel Influenza (H5N1 Flu),35842,1020056,815,13279,1383314,2.59,11580,4534,63.0,51.7,58.8,33.1,73.4
2025-03-12,India,Novel Influenza (H5N1 Flu),37568,1057624,902,14181,1392005,2.7,11805,4673,62.5,56.2,59.2,32.0,73.8
2025-03-13,India,Novel Influenza (H5N1 Flu),39489,1097113,859,15040,1405709,2.81,11796,4760,59.9,59.9,59.5,32.2,66.3
2025-03-14,India,Novel Influenza (H5N1 Flu),35361,1132474,990,16030,1382146,2.56,11656,4901,63.4,55.7,59.9,32.4,71.6
2025-03-15,India,Novel Influenza (H5N1 Flu),31747,1164221,807,16837,1359372,2.34,11734,5104,67.2,53.6,60.2,32.3,71.6
2025-03-16,India,Novel Influenza (H5N1 Flu),21122,1185343,773,17610,1293070,1.63,11860,5198,74.1,39.9,60.6,32.6,68.4
2025-03-17,India,Novel Influenza (H5N1 Flu),34383,1219726,1052,18662,1373671,2.5,12232,5154,63.0,50.7,60.9,33.7,73.2
2025-03-18,India,Novel Influenza (H5N1 Flu),31895,1251621,863,19525,1360494,2.34,12319,5198,68.1,53.0,61.3,32.0,68.3
2025-03-19,India,Novel Influenza (H5N1 Flu),30082,1281703,950,20475,1347642,2.23,12324,5241,70.1,51.6,61.6,32.8,68.9
2025-03-20,India,Novel Influenza (H5N1 Flu),29646,1311349,1052,21527,1346177,2.2,12205,5281,68.5,50.9,62.0,31.7,67.8
2025-03-21,India,Novel Influenza (H5N1 Flu),24920,1336269,1147,22674,1318152,1.89,11567,5319,74.2,47.0,62.3,34.0,68.1
2025-03-22,India,Novel Influenza (H5N1 Flu),22390,1358659,735,23409,1301271,1.72,11332,5357,70.3,43.4,62.7,30.8,64.5
2025-03-23,India,Novel Influenza (H5N1 Flu),19597,1378256,789,24198,1285380,1.52,11334,5417,71.0,39.0,63.0,34.6,63.2
2025-03-24,India,Novel Influenza (H5N1 Flu),26748,1405004,1044,25242,1325104,2.02,11339,5235,65.8,45.7,63.4,31.8,72.0
2025-03-25,India,Novel Influenza (H5N1 Flu),22582,1427586,770,26012,1302325,1.73,11040,5225,74.8,36.1,63.7,29.8,64.5
2025-03-26,India,Novel Influenza (H5N1 Flu),20980,1448566,850,26862,1293485,1.62,10672,5186,74.0,40.5,64.1,32.1,63.8
2025-03-27,India,Novel Influenza (H5N1 Flu),20179,1468745,826,27688,1287684,1.57,10159,5071,73.1,38.9,64.4,30.9,60.0
2025-03-28,India,Novel Influenza (H5N1 Flu),20660,1489405,865,28553,1293450,1.6,9488,4936,73.5,39.7,64.8,33.2,64.3
2025-03-29,India,Novel Influenza (H5N1 Flu),15719,1505124,839,29392,1260741,1.25,9197,4856,73.5,29.3,65.1,31.0,62.0
2025-03-30,India,Novel Influenza (H5N1 Flu),12399,1517523,592,29984,1241811,1.0,8888,4769,82.6,26.1,65.4,31.3,70.6
2025-03-31,India,Novel Influenza (H5N1 Flu),16628,1534151,865,30849,1267756,1.31,8883,4551,75.5,37.4,65.8,29.2,68.5
2025-04-01,India,Novel Influenza (H5N1 Flu),15165,1549316,901,31750,1260289,1.2,8404,4446,76.3,32.4,66.1,31.3,63.1
2025-04-02,India,Novel Influenza (H5N1 Flu),14901,1564217,669,32419,1255828,1.19,8025,4273,77.7,34.3,66.5,28.4,71.7
2025-04-03,India,Novel Influenza (H5N1 Flu),12600,1576817,640,33059,1244621,1.01,7540,4059,78.6,29.7,66.8,29.6,67.6
2025-04-04,India,Novel Influenza (H5N1 Flu),12057,1588874,620,33679,1240210,0.97,6958,3883,78.4,29.0,67.1,33.1,63.4
2025-04-05,India,Novel Influenza (H5N1 Flu),9431,1598305,577,34256,1223462,0.77,6678,3755,77.9,28.7,67.4,33.2,56.7
2025-04-06,India,Novel Influenza (H5N1 Flu),7342,1605647,489,34745,1212372,0.61,6434,3693,81.6,21.9,67.8,32.6,70.8
2025-04-07,India,Novel Influenza (H5N1 Flu),10421,1616068,558,35303,1230583,0.85,6276,3439,82.7,27.3,68.1,30.5,59.5
2025-04-08,India,Novel Influenza (H5N1 Flu),9895,1625963,561,35864,1226627,0.81,5798,3263,81.9,25.1,68.4,31.9,58.4
2025-04-09,India,Novel Influenza (H5N1 Flu),9353,1635316,470,36334,1224045,0.76,5443,3090,82.7,24.5,68.7,31.9,66.2
2025-04-10,India,Novel Influenza (H5N1 Flu),8942,1644258,532,36866,1221124,0.73,5053,2920,78.7,24.4,69.0,30.2,70.2
2025-04-11,India,Novel Influenza (H5N1 Flu),8151,1652409,532,37398,1216877,0.67,4620,2778,78.2,25.1,69.3,34.2,66.8
2025-04-12,India,Novel Influenza (H5N1 Flu),7246,1659655,363,37761,1211996,0.6,4274,2658,80.5,21.9,69.6,33.2,64.0
2025-04-13,India,Novel Influenza (H5N1 Flu),6521,1666176,297,38058,1208570,0.54,4078,2541,81.3,26.3,69.9,31.5,63.9
2025-04-14,India,Novel Influenza (H5N1 Flu),8750,1674926,380,38438,1219120,0.72,3975,2317,82.1,22.4,70.2,31.9,64.4
2025-04-15,India,Novel Influenza (H5N1 Flu),9473,1684399,377,38815,1226829,0.77,3716,2176,76.1,25.4,70.5,32.1,63.9
2025-04-16,India,Novel Influenza (H5N1 Flu),10331,1694730,401,39216,1227891,0.84,3479,2048,82.0,25.6,70.7,28.7,62.2
2025-04-17,India,Novel Influenza (H5N1 Flu),11979,1706709,290,39506,1239580,0.97,3221,1923,77.7,33.2,71.0,31.4,61.4
2025-04-18,India,Novel Influenza (H5N1 Flu),11715,1718424,314,39820,1238736,0.95,3015,1788,77.3,29.1,71.3,30.7,60.6
2025-04-19,India,Novel Influenza (H5N1 Flu),10712,1729136,226,40046,1232410,0.87,2904,1701,76.7,30.5,71.5,30.1,58.3
2025-04-20,India,Novel Influenza (H5N1 Flu),10163,1739299,172,40218,1228213,0.83,2905,1641,75.7,22.3,71.8,31.2,59.5
2025-04-21,India,Novel Influenza (H5N1 Flu),13327,1752626,258,40476,1247611,1.07,3006,1524,78.8,31.2,72.1,34.3,55.0
2025-04-22,India,Novel Influenza (H5N1 Flu),16515,1769141,227,40703,1266454,1.3,3059,1450,75.5,36.8,72.3,32.5,59.6
2025-04-23,India,Novel Influenza (H5N1 Flu),18245,1787386,223,40926,1276738,1.43,3120,1388,71.7,36.3,72.5,30.6,56.6
2025-04-24,India,Novel Influenza (H5N1 Flu),22923,1810309,202,41128,1306245,1.75,3166,1361,69.0,44.7,72.8,32.3,56.1
2025-04-25,India,Novel Influenza (H5N1 Flu),21655,1831964,236,41364,1298145,1.67,3207,1360,71.6,38.5,73.0,33.5,59.7
2025-04-26,India,Novel Influenza (H5N1 Flu),20461,1852425,182,41546,1289931,1.59,3382,1387,76.4,42.9,73.2,32.7,63.1
2025-04-27,India,Novel Influenza (H5N1 Flu),19401,1871826,154,41700,1285163,1.51,3695,1426,73.1,44.3,73.4,31.3,61.4
2025-04-28,India,Novel Influenza (H5N1 Flu),26474,1898300,222,41922,1327009,2.0,4090,1423,66.5,44.5,73.6,30.2,53.7
2025-04-29,India,Novel Influenza (H5N1 Flu),32971,1931271,235,42157,1366496,2.41,4569,1462,65.2,51.8,73.9,32.2,55.2
2025-04-30,India,Novel Influenza (H5N1 Flu),34809,1966080,254,42411,1377341,2.53,4980,1545,64.1,59.6,74.1,31.7,60.8
2025-05-01,India,Novel Influenza (H5N1 Flu),37498,2003578,314,42725,1392017,2.69,5322,1653,57.6,63.1,74.3,32.3,54.8
2025-05-02,India,Novel Influenza (H5N1 Flu),36218,2039796,311,43036,1384605,2.62,5572,1823,63.7,55.3,74.4,31.9,56.8
2025-05-03,India,Novel Influenza (H5N1 Flu),37078,2076874,256,43292,1391073,2.67,6070,1990,62.8,56.6,74.6,32.4,58.9
2025-05-04,India,Novel Influenza (H5N1 Flu),29435,2106309,242,43534,1345078,2.19,6822,2151,69.2,48.2,74.8,30.0,54.1
2025-05-05,India,Novel Influenza (H5N1 Flu),47256,2153565,326,43860,1451373,3.26,7653,2274,61.0,65.6,75.0,32.7,57.1
2025-05-06,India,Novel Influenza (H5N1 Flu),54232,2207797,337,44197,1493367,3.63,8469,2470,55.5,74.9,75.2,30.9,52.6
2025-05-07,India,Novel Influenza (H5N1 Flu),47108,2254905,401,44598,1451783,3.24,9134,2732,56.9,66.4,75.3,33.7,54.6
2025-05-08,India,Novel Influenza (H5N1 Flu),50306,2305211,636,45234,1469102,3.42,9770,2995,53.3,70.8,75.5,29.4,57.2
2025-05-09,India,Novel Influenza (H5N1 Flu),54198,2359409,613,45847,1493593,3.63,9990,3293,58.4,77.5,75.6,33.0,51.2
2025-05-10,India,Novel Influenza (H5N1 Flu),45077,2404486,501,46348,1438117,3.13,10854,3588,58.7,67.8,75.8,30.6,57.1
2025-05-11,India,Novel Influenza (H5N1 Flu),38272,2442758,507,46855,1397272,2.74,11993,3898,62.6,63.9,75.9,29.2,55.5
2025-05-12,India,Novel Influenza (H5N1 Flu),58129,2500887,678,47533,1517730,3.83,12928,4085,50.9,79.2,76.1,29.4,57.0
2025-05-13,India,Novel Influenza (H5N1 Flu),54958,2555845,1027,48560,1498431,3.67,13733,4440,53.2,81.5,76.2,29.6,55.8
2025-05-14,India,Novel Influenza (H5N1 Flu),60901,2616746,948,49508,1534077,3.97,14449,4855,49.0,84.8,76.3,30.6,59.1
2025-05-15,India,Novel Influenza (H5N1 Flu),56161,2672907,928,50436,1506129,3.73,14796,5135,51.0,79.8,76.5,30.6,55.2
2025-05-16,India,Novel Influenza (H5N1 Flu),64881,2737788,836,51272,1557165,4.17,14822,5466,45.9,92.0,76.6,28.9,53.3
2025-05-17,India,Novel Influenza (H5N1 Flu),47109,2784897,808,52080,1451193,3.25,15561,5855,57.3,66.1,76.7,29.6,54.8
2025-05-18,India,Novel Influenza (H5N1 Flu),42476,2827373,748,52828,1422403,2.99,16165,6152,59.0,65.2,76.8,32.8,55.9
2025-05-19,India,Novel Influenza (H5N1 Flu),60147,2887520,1110,53938,1529064,3.93,17227,6288,48.3,85.0,77.0,32.1,54.2
2025-05-20,India,Novel Influenza (H5N1 Flu),51975,2939495,1202,55140,1479577,3.51,17527,6579,54.8,76.6,77.1,30.0,54.0
2025-05-21,India,Novel Influenza (H5N1 Flu),55385,2994880,1117,56257,1500264,3.69,17887,6811,52.1,79.9,77.2,29.3,51.6
2025-05-22,India,Novel Influenza (H5N1 Flu),57079,3051959,1149,57406,1510927,3.78,17887,7082,54.6,88.3,77.3,29.3,51.5
2025-05-23,India,Novel Influenza (H5N1 Flu),46091,3098050,1538,58944,1443585,3.19,17622,7312,52.7,66.4,77.4,30.0,49.2
2025-05-24,India,Novel Influenza (H5N1 Flu),41450,3139500,1206,60150,1418650,2.92,17823,7633,62.9,61.3,77.5,27.4,58.5
2025-05-25,India,Novel Influenza (H5N1 Flu),35210,3174710,956,61106,1378111,2.55,18056,7837,66.9,53.8,77.6,28.4,49.3
2025-05-26,India,Novel Influenza (H5N1 Flu),46381,3221091,1625,62731,1444929,3.21,18634,7782,53.7,66.9,77.7,26.2,50.8
2025-05-27,India,Novel Influenza (H5N1 Flu),38739,3259830,1382,64113,1401450,2.76,18598,7850,61.6,57.9,77.7,29.2,50.6
2025-05-28,India,Novel Influenza (H5N1 Flu),36209,3296039,1418,65531,1385903,2.61,18299,7907,63.0,60.4,77.8,29.5,55.3
2025-05-29,India,Novel Influenza (H5N1 Flu),37924,3333963,1575,67106,1396026,2.72,17642,7965,60.0,63.1,77.9,27.7,51.6
2025-05-30,India,Novel Influenza (H5N1 Flu),34824,3368787,1692,68798,1377430,2.53,16935,7998,63.0,53.5,78.0,30.6,56.1
2025-05-31,India,Novel Influenza (H5N1 Flu),26947,3395734,1080,69878,1329527,2.03,16311,8010,67.0,43.7,78.1,26.3,50.2
2025-06-01,India,Novel Influenza (H5N1 Flu),22130,3417864,1046,70924,1299740,1.7,16028,8047,75.5,42.0,78.1,25.8,52.9
2025-06-02,India,Novel Influenza (H5N1 Flu),25665,3443529,1398,72322,1321923,1.94,15817,7782,71.8,43.0,78.2,28.2,49.4
2025-06-03,India,Novel Influenza (H5N1 Flu),24753,3468282,1156,73478,1315698,1.88,15067,7683,73.0,45.5,78.3,29.4,58.2
2025-06-04,India,Novel Influenza (H5N1 Flu),22558,3490840,1487,74965,1304181,1.73,14488,7427,73.2,41.7,78.3,30.2,48.1
2025-06-05,India,Novel Influenza (H5N1 Flu),19178,3510018,1645,76610,1282778,1.5,13528,7197,71.5,32.6,78.4,26.9,52.5
2025-06-06,India,Novel Influenza (H5N1 Flu),20045,3530063,1023,77633,1287302,1.56,12349,6885,72.2,42.8,78.5,29.0,53.3
2025-06-07,India,Novel Influenza (H5N1 Flu),13917,3543980,1083,78716,1251038,1.11,11659,6743,77.8,36.5,78.5,27.2,52.6
2025-06-08,India,Novel Influenza (H5N1 Flu),9933,3553913,834,79550,1227868,0.81,11096,6564,76.7,24.6,78.6,26.9,50.7
2025-06-09,India,Novel Influenza (H5N1 Flu),13295,3567208,1114,80664,1247064,1.07,10669,6125,78.6,29.2,78.6,28.4,50.7
2025-06-10,India,Novel Influenza (H5N1 Flu),10656,3577864,923,81587,1230971,0.87,9751,5821,78.3,28.2,78.7,27.9,51.2
2025-06-11,India,Novel Influenza (H5N1 Flu),10451,3588315,843,82430,1230807,0.85,9120,5467,78.1,28.1,78.7,24.4,50.5
2025-06-12,India,Novel Influenza (H5N1 Flu),9382,3597697,952,83382,1224394,0.77,8368,5069,80.9,27.8,78.8,28.9,53.7
2025-06-13,India,Novel Influenza (H5N1 Flu),7311,3605008,813,84195,1211217,0.6,7423,4758,81.6,29.5,78.8,28.6,57.4
2025-06-14,India,Novel Influenza (H5N1 Flu),5965,3610973,688,84883,1203176,0.5,6696,4511,80.8,21.4,78.9,25.4,49.0
2025-06-15,India,Novel Influenza (H5N1 Flu),4475,3615448,551,85434,1194940,0.37,6146,4265,84.7,17.8,78.9,26.8,46.5
2025-06-16,India,Novel Influenza (H5N1 Flu),5389,3620837,629,86063,1198743,0.45,5752,3844,79.7,17.1,79.0,26.9,50.3
2025-06-17,India,Novel Influenza (H5N1 Flu),5001,3625838,574,86637,1196456,0.42,5203,3550,83.3,18.6,79.0,26.4,58.2
2025-06-18,India,Novel Influenza (H5N1 Flu),3875,3629713,538,87175,1190389,0.33,4614,3255,83.9,19.4,79.0,25.0,48.0
2025-06-19,India,Novel Influenza (H5N1 Flu),3301,3633014,508,87683,1187450,0.28,4054,2937,82.4,24.2,79.1,24.7,55.3
2025-06-20,India,Novel Influenza (H5N1 Flu),2892,3635906,521,88204,1185520,0.24,3558,2643,84.0,16.8,79.1,25.5,55.3
2025-06-21,India,Novel Influenza (H5N1 Flu),2167,3638073,321,88525,1182335,0.18,3063,2417,81.2,18.2,79.1,27.2,48.6
2025-06-22,India,Novel Influenza (H5N1 Flu),1804,3639877,250,88775,1179539,0.15,2762,2230,85.8,17.0,79.2,26.1,51.9
2025-06-23,India,Novel Influenza (H5N1 Flu),2257,3642134,352,89127,1181240,0.19,2558,1985,83.3,21.2,79.2,24.6,55.0
2025-06-24,India,Novel Influenza (H5N1 Flu),2063,3644197,231,89358,1180216,0.17,2220,1762,82.7,25.0,79.2,26.2,49.0
2025-06-25,India,Novel Influenza (H5N1 Flu),1978,3646175,273,89631,1178723,0.17,1958,1559,85.9,15.7,79.3,20.6,49.5
2025-06-26,India,Novel Influenza (H5N1 Flu),1774,3647949,222,89853,1178483,0.15,1679,1382,82.6,15.6,79.3,26.5,48.3
2025-06-27,India,Novel Influenza (H5N1 Flu),1837,3649786,191,90044,1178591,0.16,1423,1189,81.1,20.3,79.3,22.0,47.0
2025-06-28,India,Novel Influenza (H5N1 Flu),1344,3651130,140,90184,1176244,0.11,1253,1061,81.1,18.6,79.3,23.9,48.1
2025-06-29,India,Novel Influenza (H5N1 Flu),1373,3652503,96,90280,1175268,0.12,1121,972,85.4,22.1,79.4,22.7,46.3
2025-01-01,United States,COVID-19 (SARS-CoV-2),658,658,0,0,572419,0.11,0,0,86.0,12.7,46.4,24.9,76.1
2025-01-02,United States,COVID-19 (SARS-CoV-2),660,1318,0,0,570948,0.12,0,0,89.3,21.8,46.4,23.6,83.5
2025-01-03,United States,COVID-19 (SARS-CoV-2),721,2039,0,0,571101,0.13,0,0,89.7,10.5,46.5,25.2,78.6
2025-01-04,United States,COVID-19 (SARS-CoV-2),661,2700,0,0,572294,0.12,0,0,87.4,21.7,46.5,26.1,81.0
2025-01-05,United States,COVID-19 (SARS-CoV-2),552,3252,0,0,570934,0.1,0,0,90.6,16.9,46.6,25.8,79.8
2025-01-06,United States,COVID-19 (SARS-CoV-2),773,4025,0,0,573198,0.13,13,0,85.7,16.5,46.7,25.5,81.4
2025-01-07,United States,COVID-19 (SARS-CoV-2),894,4919,0,0,573683,0.16,26,0,88.8,15.5,46.7,26.4,80.1
2025-01-08,United States,COVID-19 (SARS-CoV-2),889,5808,0,0,573107,0.16,41,0,86.5,18.3,46.8,26.7,76.0
2025-01-09,United States,COVID-19 (SARS-CoV-2),859,6667,0,0,572153,0.15,54,3,87.7,16.9,46.9,27.2,82.8
2025-01-10,United States,COVID-19 (SARS-CoV-2),951,7618,0,0,572037,0.17,65,7,88.9,20.6,46.9,26.2,78.3
2025-01-11,United States,COVID-19 (SARS-CoV-2),781,8399,0,0,572085,0.14,81,11,87.3,17.2,47.0,25.1,75.1
2025-01-12,United States,COVID-19 (SARS-CoV-2),722,9121,0,0,573034,0.13,99,14,88.4,17.2,47.1,25.7,78.4
2025-01-13,United States,COVID-19 (SARS-CoV-2),1059,10180,0,0,574414,0.18,117,17,90.7,16.4,47.2,27.5,84.2
2025-01-14,United States,COVID-19 (SARS-CoV-2),966,11146,0,0,572396,0.17,135,21,87.7,17.1,47.3,24.6,82.2
2025-01-15,United States,COVID-19 (SARS-CoV-2),1024,12170,8,8,574163,0.18,154,26,90.4,18.4,47.3,26.5,78.5
2025-01-16,United States,COVID-19 (SARS-CoV-2),1158,13328,9,17,575179,0.2,156,31,86.3,12.6,47.4,25.5,78.4
2025-01-17,United States,COVID-19 (SARS-CoV-2),1184,14512,9,26,574066,0.21,158,36,89.6,13.8,47.5,26.2,78.5
2025-01-18,United States,COVID-19 (SARS-CoV-2),1135,15647,8,34,574809,0.2,164,41,91.5,19.9,47.6,28.2,85.6
2025-01-19,United States,COVID-19 (SARS-CoV-2),987,16634,7,41,573826,0.17,171,45,83.9,17.9,47.7,26.7,80.4
2025-01-20,United States,COVID-19 (SARS-CoV-2),1364,17998,9,50,574887,0.24,180,49,86.8,17.7,47.8,26.7,80.5
2025-01-21,United States,COVID-19 (SARS-CoV-2),1725,19723,11,61,578553,0.3,188,55,89.1,19.2,47.9,24.7,82.2
2025-01-22,United States,COVID-19 (SARS-CoV-2),1668,21391,11,72,578414,0.29,194,57,87.6,20.0,48.0,28.0,79.7
2025-01-23,United States,COVID-19 (SARS-CoV-2),1817,23208,10,82,579831,0.31,199,59,88.6,17.7,48.1,27.9,78.1
2025-01-24,United States,COVID-19 (SARS-CoV-2),1775,24983,11,93,579549,0.31,201,61,86.7,16.9,48.3,30.3,78.2
2025-01-25,United States,COVID-19 (SARS-CoV-2),1692,26675,9,102,576620,0.29,210,64,88.1,19.6,48.4,26.8,78.5
2025-01-26,United States,COVID-19 (SARS-CoV-2),1683,28358,9,111,577006,0.29,229,67,87.7,16.1,48.5,27.7,78.5
2025-01-27,United States,COVID-19 (SARS-CoV-2),2263,30621,14,125,581939,0.39,248,68,89.6,21.6,48.6,27.9,80.7
2025-01-28,United States,COVID-19 (SARS-CoV-2),2690,33311,12,137,584499,0.46,263,71,87.3,16.3,48.8,30.0,78.5
2025-01-29,United States,COVID-19 (SARS-CoV-2),2748,36059,14,151,584849,0.47,280,75,87.4,24.6,48.9,27.6,80.5
2025-01-30,United States,COVID-19 (SARS-CoV-2),3038,39097,13,164,589926,0.51,293,80,85.5,23.6,49.1,28.3,77.9
2025-01-31,United States,COVID-19 (SARS-CoV-2),3235,42332,15,179,587826,0.55,304,84,85.1,23.5,49.2,28.9,78.3
2025-02-01,United States,COVID-19 (SARS-CoV-2),3393,45725,14,193,589339,0.58,326,90,85.0,26.0,49.3,28.4,71.9
2025-02-02,United States,COVID-19 (SARS-CoV-2),2936,48661,14,207,586416,0.5,357,95,87.3,27.0,49.5,27.5,80.5
2025-02-03,United States,COVID-19 (SARS-CoV-2),4020,52681,15,222,592617,0.68,393,98,84.3,27.6,49.7,28.6,78.7
2025-02-04,United States,COVID-19 (SARS-CoV-2),4885,57566,19,241,596840,0.82,427,106,84.7,21.1,49.8,30.1,80.5
2025-02-05,United States,COVID-19 (SARS-CoV-2),4674,62240,19,260,596648,0.78,457,115,88.5,22.3,50.0,27.0,68.6
2025-02-06,United States,COVID-19 (SARS-CoV-2),5526,67766,18,278,600229,0.92,492,123,85.1,26.3,50.2,28.9,83.4
2025-02-07,United States,COVID-19 (SARS-CoV-2),5204,72970,20,298,598833,0.87,515,133,83.1,27.5,50.4,27.7,76.6
2025-02-08,United States,COVID-19 (SARS-CoV-2),4907,77877,19,317,596802,0.82,560,145,86.5,28.2,50.5,30.7,80.2
2025-02-09,United States,COVID-19 (SARS-CoV-2),5149,83026,20,337,598821,0.86,625,158,83.0,25.1,50.7,26.7,73.6
2025-02-10,United States,COVID-19 (SARS-CoV-2),7688,90714,28,365,616288,1.25,686,166,76.7,33.8,50.9,28.3,78.4
2025-02-11,United States,COVID-19 (SARS-CoV-2),7976,98690,37,402,613834,1.3,752,179,78.4,31.7,51.1,29.8,73.2
2025-02-12,United States,COVID-19 (SARS-CoV-2),8389,107079,35,437,618866,1.36,803,196,76.2,33.1,51.3,31.7,74.3
2025-02-13,United States,COVID-19 (SARS-CoV-2),8854,115933,35,472,619357,1.43,846,212,78.6,31.8,51.5,29.3,81.8
2025-02-14,United States,COVID-19 (SARS-CoV-2),8749,124682,36,508,619868,1.41,889,232,79.5,33.0,51.8,28.7,75.3
2025-02-15,United States,COVID-19 (SARS-CoV-2),8177,132859,42,550,617996,1.32,979,252,83.5,30.4,52.0,32.4,76.3
2025-02-16,United States,COVID-19 (SARS-CoV-2),7802,140661,32,582,614722,1.27,1072,269,81.3,30.6,52.2,27.5,78.1
2025-02-17,United States,COVID-19 (SARS-CoV-2),12134,152795,55,637,639572,1.9,1182,285,74.9,47.0,52.4,26.5,76.8
2025-02-18,United States,COVID-19 (SARS-CoV-2),12268,165063,64,701,640738,1.91,1280,312,76.9,41.3,52.7,30.6,75.6
2025-02-19,United States,COVID-19 (SARS-CoV-2),11292,176355,54,755,636277,1.77,1359,341,72.0,49.7,52.9,29.2,76.0
2025-02-20,United States,COVID-19 (SARS-CoV-2),13486,189841,57,812,648031,2.08,1430,370,74.2,48.5,53.2,28.6,81.9
2025-02-21,United States,COVID-19 (SARS-CoV-2),13498,203339,69,881,649050,2.08,1476,400,75.3,47.6,53.4,31.2,74.4
2025-02-22,United States,COVID-19 (SARS-CoV-2),11571,214910,58,939,637317,1.82,1616,429,73.1,39.9,53.7,30.6,74.9
2025-02-23,United States,COVID-19 (SARS-CoV-2),11509,226419,68,1007,636248,1.81,1765,458,78.4,44.5,54.0,29.5,77.3
2025-02-24,United States,COVID-19 (SARS-CoV-2),16431,242850,80,1087,668575,2.46,1889,479,70.9,52.3,54.2,28.5,77.2
2025-02-25,United States,COVID-19 (SARS-CoV-2),16866,259716,91,1178,669675,2.52,2007,518,68.9,55.5,54.5,31.8,77.3
2025-02-26,United States,COVID-19 (SARS-CoV-2),15612,275328,101,1279,659492,2.37,2119,559,72.5,59.8,54.8,31.6,75.4
2025-02-27,United States,COVID-19 (SARS-CoV-2),16557,291885,107,1386,667374,2.48,2183,591,74.6,54.1,55.1,30.5,69.8
2025-02-28,United States,COVID-19 (SARS-CoV-2),17601,309486,101,1487,672790,2.62,2237,636,69.2,60.3,55.4,33.5,78.0
2025-03-01,United States,COVID-19 (SARS-CoV-2),15616,325102,103,1590,662394,2.36,2392,683,71.7,50.0,55.7,29.2,69.4
2025-03-02,United States,COVID-19 (SARS-CoV-2),12914,338016,86,1676,644537,2.0,2568,718,73.5,45.6,56.0,28.6,73.5
2025-03-03,United States,COVID-19 (SARS-CoV-2),17942,355958,144,1820,675383,2.66,2727,738,66.7,63.0,56.3,29.9,70.1
2025-03-04,United States,COVID-19 (SARS-CoV-2),17121,373079,149,1969,671076,2.55,2816,784,71.0,53.8,56.6,31.0,72.0
2025-03-05,United States,COVID-19 (SARS-CoV-2),17151,390230,141,2110,671617,2.55,2924,831,67.6,61.2,56.9,31.5,72.9
2025-03-06,United States,COVID-19 (SARS-CoV-2),19465,409695,171,2281,683435,2.85,3012,867,66.7,63.4,57.2,30.8,72.7
2025-03-07,United States,COVID-19 (SARS-CoV-2),20099,429794,147,2428,688105,2.92,3000,910,64.8,61.1,57.5,31.7,72.7
2025-03-08,United States,COVID-19 (SARS-CoV-2),15485,445279,122,2550,660281,2.35,3090,961,72.3,53.7,57.8,29.4,76.1
2025-03-09,United States,COVID-19 (SARS-CoV-2),14546,459825,152,2702,654468,2.22,3202,1004,73.1,52.5,58.2,33.5,72.4
2025-03-10,United States,COVID-19 (SARS-CoV-2),18724,478549,202,2904,681955,2.75,3317,1008,69.5,61.4,58.5,31.3,70.0
2025-03-11,United States,COVID-19 (SARS-CoV-2),17428,495977,190,3094,672818,2.59,3378,1039,68.0,51.7,58.8,33.1,73.4
2025-03-12,United States,COVID-19 (SARS-CoV-2),18267,514244,211,3305,676187,2.7,3444,1071,67.5,56.2,59.2,32.0,73.8
2025-03-13,United States,COVID-19 (SARS-CoV-2),19201,533445,201,3506,683969,2.81,3441,1091,64.9,59.9,59.5,32.2,66.3
2025-03-14,United States,COVID-19 (SARS-CoV-2),17194,550639,231,3737,673132,2.55,3400,1123,68.4,55.7,59.9,32.4,71.6
2025-03-15,United States,COVID-19 (SARS-CoV-2),15436,566075,188,3925,661494,2.33,3423,1170,72.2,53.6,60.2,32.3,71.6
2025-03-16,United States,COVID-19 (SARS-CoV-2),10270,576345,181,4106,627946,1.64,3460,1191,79.1,39.9,60.6,32.6,68.4
2025-03-17,United States,COVID-19 (SARS-CoV-2),16718,593063,246,4352,667669,2.5,3568,1181,68.0,50.7,60.9,33.7,73.2
2025-03-18,United States,COVID-19 (SARS-CoV-2),15508,608571,201,4553,662160,2.34,3594,1191,73.1,53.0,61.3,32.0,68.3
2025-03-19,United States,COVID-19 (SARS-CoV-2),14627,623198,222,4775,654900,2.23,3595,1201,75.1,51.6,61.6,32.8,68.9
2025-03-20,United States,COVID-19 (SARS-CoV-2),14415,637613,246,5021,654779,2.2,3560,1210,73.5,50.9,62.0,31.7,67.8
2025-03-21,United States,COVID-19 (SARS-CoV-2),12117,649730,268,5289,641322,1.89,3374,1219,79.2,47.0,62.3,34.0,68.1
2025-03-22,United States,COVID-19 (SARS-CoV-2),10886,660616,171,5460,632235,1.72,3306,1228,75.3,43.4,62.7,30.8,64.5
2025-03-23,United States,COVID-19 (SARS-CoV-2),9529,670145,184,5644,624960,1.52,3306,1241,76.0,39.0,63.0,34.6,63.2
2025-03-24,United States,COVID-19 (SARS-CoV-2),13006,683151,244,5888,642640,2.02,3308,1200,70.8,45.7,63.4,31.8,72.0
2025-03-25,United States,COVID-19 (SARS-CoV-2),10980,694131,180,6068,632701,1.74,3221,1197,79.8,36.1,63.7,29.8,64.5
2025-03-26,United States,COVID-19 (SARS-CoV-2),10201,704332,198,6266,628799,1.62,3113,1188,79.0,40.5,64.1,32.1,63.8
2025-03-27,United States,COVID-19 (SARS-CoV-2),9812,714144,193,6459,625470,1.57,2964,1162,78.1,39.0,64.4,30.9,60.0
2025-03-28,United States,COVID-19 (SARS-CoV-2),10045,724189,202,6661,629748,1.6,2768,1131,78.5,39.7,64.8,33.2,64.3
2025-03-29,United States,COVID-19 (SARS-CoV-2),7643,731832,196,6857,612273,1.25,2683,1113,78.5,29.3,65.1,31.0,62.0
2025-03-30,United States,COVID-19 (SARS-CoV-2),6029,737861,138,6995,603579,1.0,2593,1093,87.6,26.1,65.4,31.3,70.6
2025-03-31,United States,COVID-19 (SARS-CoV-2),8085,745946,202,7197,616486,1.31,2591,1043,80.5,37.4,65.8,29.2,68.5
2025-04-01,United States,COVID-19 (SARS-CoV-2),7373,753319,210,7407,613525,1.2,2451,1019,81.3,32.4,66.1,31.3,63.1
2025-04-02,United States,COVID-19 (SARS-CoV-2),7245,760564,156,7563,609880,1.19,2341,979,82.7,34.3,66.5,28.4,71.7
2025-04-03,United States,COVID-19 (SARS-CoV-2),6126,766690,149,7712,605765,1.01,2199,930,83.6,29.6,66.8,29.6,67.6
2025-04-04,United States,COVID-19 (SARS-CoV-2),5863,772553,145,7857,603034,0.97,2030,890,83.4,29.0,67.1,33.1,63.4
2025-04-05,United States,COVID-19 (SARS-CoV-2),4586,777139,135,7992,594380,0.77,1948,860,82.9,28.7,67.4,33.2,56.7
2025-04-06,United States,COVID-19 (SARS-CoV-2),3570,780709,114,8106,589728,0.61,1877,846,86.6,21.9,67.8,32.6,70.8
2025-04-07,United States,COVID-19 (SARS-CoV-2),5067,785776,130,8236,598447,0.85,1830,788,87.7,27.3,68.1,30.5,59.5
2025-04-08,United States,COVID-19 (SARS-CoV-2),4811,790587,131,8367,596111,0.81,1691,748,86.9,25.1,68.4,31.9,58.4
2025-04-09,United States,COVID-19 (SARS-CoV-2),4548,795135,110,8477,595203,0.76,1588,708,87.7,24.5,68.7,31.9,66.2
2025-04-10,United States,COVID-19 (SARS-CoV-2),4348,799483,124,8601,593548,0.73,1474,669,83.7,24.4,69.0,30.2,70.2
2025-04-11,United States,COVID-19 (SARS-CoV-2),3963,803446,124,8725,591737,0.67,1347,636,83.2,25.1,69.3,34.2,66.8
2025-04-12,United States,COVID-19 (SARS-CoV-2),3523,806969,85,8810,589646,0.6,1247,609,85.5,21.9,69.6,33.2,64.0
2025-04-13,United States,COVID-19 (SARS-CoV-2),3170,810139,69,8879,588452,0.54,1189,582,86.3,26.3,69.9,31.5,63.9
2025-04-14,United States,COVID-19 (SARS-CoV-2),4254,814393,89,8968,592132,0.72,1159,531,87.1,22.4,70.2,31.9,64.4
2025-04-15,United States,COVID-19 (SARS-CoV-2),4606,818999,88,9056,597615,0.77,1084,499,81.1,25.4,70.5,32.1,63.9
2025-04-16,United States,COVID-19 (SARS-CoV-2),5023,824022,94,9150,596031,0.84,1015,469,87.0,25.6,70.7,28.7,62.2
2025-04-17,United States,COVID-19 (SARS-CoV-2),5825,829847,68,9218,602644,0.97,939,440,82.7,33.2,71.0,31.4,61.4
2025-04-18,United States,COVID-19 (SARS-CoV-2),5696,835543,73,9291,602610,0.95,879,409,82.3,29.1,71.3,30.7,60.6
2025-04-19,United States,COVID-19 (SARS-CoV-2),5208,840751,53,9344,599374,0.87,847,389,81.7,30.5,71.5,30.1,58.3
2025-04-20,United States,COVID-19 (SARS-CoV-2),4941,845692,40,9384,596869,0.83,847,376,80.7,22.3,71.8,31.2,59.5
2025-04-21,United States,COVID-19 (SARS-CoV-2),6480,852172,60,9444,606517,1.07,877,349,83.8,31.2,72.1,34.3,55.0
2025-04-22,United States,COVID-19 (SARS-CoV-2),8030,860202,53,9497,615532,1.3,892,332,80.5,36.8,72.3,32.5,59.6
2025-04-23,United States,COVID-19 (SARS-CoV-2),8871,869073,52,9549,620482,1.43,910,318,76.7,36.3,72.5,30.6,56.6
2025-04-24,United States,COVID-19 (SARS-CoV-2),11146,880219,47,9596,635571,1.75,923,312,74.0,44.7,72.8,32.3,56.1
2025-04-25,United States,COVID-19 (SARS-CoV-2),10529,890748,55,9651,631377,1.67,935,311,76.6,38.5,73.0,33.5,59.7
2025-04-26,United States,COVID-19 (SARS-CoV-2),9948,900696,42,9693,626841,1.59,986,318,81.4,42.9,73.2,32.7,63.1
2025-04-27,United States,COVID-19 (SARS-CoV-2),9434,910130,36,9729,625349,1.51,1077,326,78.1,44.3,73.4,31.3,61.4
2025-04-28,United States,COVID-19 (SARS-CoV-2),12872,923002,52,9781,645385,1.99,1193,326,71.5,44.5,73.6,30.2,53.7
2025-04-29,United States,COVID-19 (SARS-CoV-2),16032,939034,55,9836,664850,2.41,1332,335,70.2,51.8,73.9,32.2,55.2
2025-04-30,United States,COVID-19 (SARS-CoV-2),16925,955959,59,9895,670025,2.53,1452,354,69.1,59.6,74.1,31.7,60.8
2025-05-01,United States,COVID-19 (SARS-CoV-2),18233,974192,73,9968,676415,2.7,1552,378,62.6,63.1,74.3,32.3,54.8
2025-05-02,United States,COVID-19 (SARS-CoV-2),17610,991802,72,10040,672945,2.62,1625,418,68.7,55.3,74.4,31.9,56.8
2025-05-03,United States,COVID-19 (SARS-CoV-2),18028,1009830,60,10100,676761,2.66,1771,456,67.8,56.6,74.6,32.4,58.9
2025-05-04,United States,COVID-19 (SARS-CoV-2),14312,1024142,57,10157,654328,2.19,1990,493,74.2,48.2,74.8,30.0,54.1
2025-05-05,United States,COVID-19 (SARS-CoV-2),22977,1047119,76,10233,705687,3.26,2232,521,66.0,65.6,75.0,32.7,57.1
2025-05-06,United States,COVID-19 (SARS-CoV-2),26370,1073489,79,10312,726183,3.63,2470,566,60.5,74.9,75.2,30.9,52.6
2025-05-07,United States,COVID-19 (SARS-CoV-2),22906,1096395,94,10406,706559,3.24,2664,626,61.9,66.4,75.3,33.7,54.6
2025-05-08,United States,COVID-19 (SARS-CoV-2),24460,1120855,148,10554,714014,3.43,2850,686,58.3,70.8,75.5,29.4,57.2
2025-05-09,United States,COVID-19 (SARS-CoV-2),26353,1147208,143,10697,726511,3.63,2914,754,63.4,77.5,75.6,33.0,51.2
2025-05-10,United States,COVID-19 (SARS-CoV-2),21918,1169126,117,10814,699151,3.13,3166,822,63.7,67.8,75.8,30.6,57.1
2025-05-11,United States,COVID-19 (SARS-CoV-2),18609,1187735,118,10932,679282,2.74,3499,893,67.6,63.9,75.9,29.2,55.5
2025-05-12,United States,COVID-19 (SARS-CoV-2),28264,1215999,158,11090,738528,3.83,3771,936,55.9,79.2,76.1,29.4,57.0
2025-05-13,United States,COVID-19 (SARS-CoV-2),26722,1242721,240,11330,729003,3.67,4006,1017,58.2,81.5,76.2,29.6,55.8
2025-05-14,United States,COVID-19 (SARS-CoV-2),29612,1272333,221,11551,746331,3.97,4215,1113,54.0,84.8,76.3,30.6,59.1
2025-05-15,United States,COVID-19 (SARS-CoV-2),27307,1299640,217,11768,732993,3.73,4316,1177,56.0,79.8,76.5,30.6,55.2
2025-05-16,United States,COVID-19 (SARS-CoV-2),31547,1331187,195,11963,757149,4.17,4324,1252,50.9,92.0,76.6,28.9,53.3
2025-05-17,United States,COVID-19 (SARS-CoV-2),22906,1354093,189,12152,705963,3.24,4539,1342,62.3,66.1,76.7,29.6,54.8
2025-05-18,United States,COVID-19 (SARS-CoV-2),20653,1374746,175,12327,691453,2.99,4716,1410,64.0,65.2,76.8,32.8,55.9
2025-05-19,United States,COVID-19 (SARS-CoV-2),29246,1403992,259,12586,743646,3.93,5025,1441,53.3,85.0,77.0,32.1,54.2
2025-05-20,United States,COVID-19 (SARS-CoV-2),25272,1429264,280,12866,719347,3.51,5113,1508,59.8,76.6,77.1,30.0,54.0
2025-05-21,United States,COVID-19 (SARS-CoV-2),26930,1456194,261,13127,729522,3.69,5218,1561,57.1,79.9,77.2,29.3,51.6
2025-05-22,United States,COVID-19 (SARS-CoV-2),27754,1483948,268,13395,734965,3.78,5218,1623,59.6,88.3,77.3,29.3,51.5
2025-05-23,United States,COVID-19 (SARS-CoV-2),22411,1506359,359,13754,701493,3.19,5141,1676,57.7,66.4,77.4,30.0,49.2
2025-05-24,United States,COVID-19 (SARS-CoV-2),20155,1526514,282,14036,690868,2.92,5199,1749,67.9,61.3,77.5,27.4,58.5
2025-05-25,United States,COVID-19 (SARS-CoV-2),17120,1543634,223,14259,669559,2.56,5267,1796,71.9,53.8,77.6,28.4,49.3
2025-05-26,United States,COVID-19 (SARS-CoV-2),22552,1566186,379,14638,701943,3.21,5436,1783,58.7,66.9,77.7,26.2,50.8
2025-05-27,United States,COVID-19 (SARS-CoV-2),18836,1585022,323,14961,682020,2.76,5425,1799,66.6,57.9,77.7,29.2,50.6
2025-05-28,United States,COVID-19 (SARS-CoV-2),17606,1602628,331,15292,674273,2.61,5338,1812,68.0,60.4,77.8,29.5,55.3
2025-05-29,United States,COVID-19 (SARS-CoV-2),18440,1621068,368,15660,679110,2.72,5147,1825,65.0,63.1,77.9,27.7,51.6
2025-05-30,United States,COVID-19 (SARS-CoV-2),16933,1638001,395,16055,670072,2.53,4940,1833,68.0,53.5,78.0,30.6,56.1
2025-05-31,United States,COVID-19 (SARS-CoV-2),13103,1651104,252,16307,646451,2.03,4758,1836,72.0,43.7,78.1,26.3,50.2
2025-06-01,United States,COVID-19 (SARS-CoV-2),10760,1661864,244,16551,631508,1.7,4676,1844,80.5,42.0,78.1,25.8,52.9
2025-06-02,United States,COVID-19 (SARS-CoV-2),12479,1674343,326,16877,642795,1.94,4614,1783,76.8,43.0,78.2,28.2,49.4
2025-06-03,United States,COVID-19 (SARS-CoV-2),12036,1686379,270,17147,639384,1.88,4395,1761,78.0,45.5,78.3,29.4,58.2
2025-06-04,United States,COVID-19 (SARS-CoV-2),10969,1697348,347,17494,634635,1.73,4226,1702,78.2,41.7,78.3,30.2,48.1
2025-06-05,United States,COVID-19 (SARS-CoV-2),9325,1706673,384,17878,623648,1.5,3946,1649,76.5,32.6,78.4,26.9,52.5
2025-06-06,United States,COVID-19 (SARS-CoV-2),9746,1716419,239,18117,625496,1.56,3602,1578,77.2,42.8,78.5,29.0,53.3
2025-06-07,United States,COVID-19 (SARS-CoV-2),6767,1723186,253,18370,608126,1.11,3401,1545,82.8,36.5,78.5,27.2,52.6
2025-06-08,United States,COVID-19 (SARS-CoV-2),4830,1728016,195,18565,597238,0.81,3237,1504,81.7,24.6,78.6,26.9,50.7
2025-06-09,United States,COVID-19 (SARS-CoV-2),6464,1734480,260,18825,606066,1.07,3112,1404,83.6,29.2,78.6,28.4,50.7
2025-06-10,United States,COVID-19 (SARS-CoV-2),5181,1739661,215,19040,598109,0.87,2844,1334,83.3,28.2,78.7,27.9,51.2
2025-06-11,United States,COVID-19 (SARS-CoV-2),5081,1744742,197,19237,598575,0.85,2660,1253,83.1,28.1,78.7,24.4,50.5
2025-06-12,United States,COVID-19 (SARS-CoV-2),4561,1749303,222,19459,595456,0.77,2441,1161,85.9,27.8,78.8,28.9,53.7
2025-06-13,United States,COVID-19 (SARS-CoV-2),3555,1752858,190,19649,588669,0.6,2165,1090,86.6,29.5,78.8,28.6,57.4
2025-06-14,United States,COVID-19 (SARS-CoV-2),2900,1755758,161,19810,584774,0.5,1953,1034,85.8,21.4,78.9,25.4,49.0
2025-06-15,United States,COVID-19 (SARS-CoV-2),2176,1757934,129,19939,581134,0.37,1793,977,89.7,17.8,78.9,26.8,46.5
2025-06-16,United States,COVID-19 (SARS-CoV-2),2620,1760554,147,20086,582117,0.45,1678,881,84.7,17.1,79.0,26.9,50.3
2025-06-17,United States,COVID-19 (SARS-CoV-2),2431,1762985,134,20220,581024,0.42,1517,813,88.3,18.6,79.0,26.4,58.2
2025-06-18,United States,COVID-19 (SARS-CoV-2),1884,1764869,126,20346,578431,0.33,1346,746,88.9,19.4,79.0,25.0,48.0
2025-06-19,United States,COVID-19 (SARS-CoV-2),1605,1766474,119,20465,577262,0.28,1182,673,87.4,24.2,79.1,24.7,55.3
2025-06-20,United States,COVID-19 (SARS-CoV-2),1406,1767880,122,20587,576592,0.24,1038,606,89.0,16.8,79.1,25.5,55.3
2025-06-21,United States,COVID-19 (SARS-CoV-2),1053,1768933,75,20662,575639,0.18,893,554,86.2,18.2,79.1,27.2,48.6
2025-06-22,United States,COVID-19 (SARS-CoV-2),877,1769810,58,20720,573965,0.15,805,511,90.8,17.0,79.2,26.1,51.9
2025-06-23,United States,COVID-19 (SARS-CoV-2),1097,1770907,82,20802,574268,0.19,746,455,88.3,21.2,79.2,24.6,55.0
2025-06-24,United States,COVID-19 (SARS-CoV-2),1003,1771910,54,20856,573844,0.17,647,403,87.7,25.0,79.2,26.2,49.0
2025-06-25,United States,COVID-19 (SARS-CoV-2),961,1772871,64,20920,572609,0.17,571,357,90.9,15.7,79.3,20.6,49.5
2025-06-26,United States,COVID-19 (SARS-CoV-2),862,1773733,52,20972,572999,0.15,489,316,87.6,15.6,79.3,26.5,48.3
2025-06-27,United States,COVID-19 (SARS-CoV-2),893,1774626,45,21017,572915,0.16,415,272,86.1,20.3,79.3,22.0,47.0
2025-06-28,United States,COVID-19 (SARS-CoV-2),653,1775279,33,21050,572086,0.11,365,243,86.1,18.6,79.3,23.9,48.1
2025-06-29,United States,COVID-19 (SARS-CoV-2),667,1775946,22,21072,571020,0.12,327,222,90.4,22.1,79.4,22.7,46.3
2025-01-01,United States,Dengue Virus (DEN-1-4),658,658,0,0,572419,0.11,0,0,86.0,12.7,46.4,24.9,76.1
2025-01-02,United States,Dengue Virus (DEN-1-4),660,1318,0,0,570948,0.12,0,0,89.3,21.8,46.4,23.6,83.5
2025-01-03,United States,Dengue Virus (DEN-1-4),721,2039,0,0,571101,0.13,0,0,89.7,10.5,46.5,25.2,78.6
2025-01-04,United States,Dengue Virus (DEN-1-4),661,2700,0,0,572294,0.12,0,0,87.4,21.7,46.5,26.1,81.0
2025-01-05,United States,Dengue Virus (DEN-1-4),552,3252,0,0,570934,0.1,0,0,90.6,16.9,46.6,25.8,79.8
2025-01-06,United States,Dengue Virus (DEN-1-4),773,4025,0,0,573198,0.13,19,0,85.7,16.5,46.7,25.5,81.4
2025-01-07,United States,Dengue Virus (DEN-1-4),894,4919,0,0,573683,0.16,38,0,88.8,15.5,46.7,26.4,80.1
2025-01-08,United States,Dengue Virus (DEN-1-4),889,5808,0,0,573107,0.16,59,0,86.5,18.3,46.8,26.7,76.0
2025-01-09,United States,Dengue Virus (DEN-1-4),859,6667,0,0,572153,0.15,78,3,87.7,16.9,46.9,27.2,82.8
2025-01-10,United States,Dengue Virus (DEN-1-4),951,7618,0,0,572037,0.17,95,7,88.9,20.6,46.9,26.2,78.3
2025-01-11,United States,Dengue Virus (DEN-1-4),781,8399,0,0,572085,0.14,117,10,87.3,17.2,47.0,25.1,75.1
2025-01-12,United States,Dengue Virus (DEN-1-4),722,9121,0,0,573034,0.13,143,14,88.4,17.2,47.1,25.7,78.4
2025-01-13,United States,Dengue Virus (DEN-1-4),1059,10180,0,0,574414,0.18,169,17,90.7,16.4,47.2,27.5,84.2
2025-01-14,United States,Dengue Virus (DEN-1-4),966,11146,0,0,572396,0.17,195,21,87.7,17.1,47.3,24.6,82.2
2025-01-15,United States,Dengue Virus (DEN-1-4),1024,12170,5,5,574163,0.18,222,26,90.4,18.4,47.3,26.5,78.5
2025-01-16,United States,Dengue Virus (DEN-1-4),1158,13328,6,11,575179,0.2,226,31,86.3,12.6,47.4,25.5,78.4
2025-01-17,United States,Dengue Virus (DEN-1-4),1184,14512,6,17,574066,0.21,228,35,89.6,13.8,47.5,26.2,78.5
2025-01-18,United States,Dengue Virus (DEN-1-4),1135,15647,5,22,574809,0.2,238,40,91.5,19.9,47.6,28.2,85.6
2025-01-19,United States,Dengue Virus (DEN-1-4),987,16634,5,27,573826,0.17,247,45,83.9,17.9,47.7,26.7,80.4
2025-01-20,United States,Dengue Virus (DEN-1-4),1364,17998,6,33,574887,0.24,260,48,86.8,17.7,47.8,26.7,80.5
2025-01-21,United States,Dengue Virus (DEN-1-4),1725,19723,7,40,578553,0.3,272,54,89.1,19.2,47.9,24.7,82.2
2025-01-22,United States,Dengue Virus (DEN-1-4),1668,21391,7,47,578414,0.29,280,56,87.6,20.0,48.0,28.0,79.7
2025-01-23,United States,Dengue Virus (DEN-1-4),1817,23208,7,54,579831,0.31,287,58,88.6,17.7,48.1,27.9,78.1
2025-01-24,United States,Dengue Virus (DEN-1-4),1775,24983,7,61,579549,0.31,291,60,86.7,16.9,48.3,30.3,78.2
2025-01-25,United States,Dengue Virus (DEN-1-4),1692,26675,6,67,576620,0.29,303,63,88.1,19.6,48.4,26.8,78.5
2025-01-26,United States,Dengue Virus (DEN-1-4),1683,28358,6,73,577006,0.29,331,66,87.7,16.1,48.5,27.7,78.5
2025-01-27,United States,Dengue Virus (DEN-1-4),2263,30621,9,82,581939,0.39,358,67,89.6,21.6,48.6,27.9,80.7
2025-01-28,United States,Dengue Virus (DEN-1-4),2690,33311,8,90,584499,0.46,381,70,87.3,16.3,48.8,30.0,78.5
2025-01-29,United States,Dengue Virus (DEN-1-4),2748,36059,10,100,584849,0.47,404,74,87.4,24.6,48.9,27.6,80.5
2025-01-30,United States,Dengue Virus (DEN-1-4),3038,39097,9,109,589926,0.51,424,78,85.5,23.6,49.1,28.3,77.9
2025-01-31,United States,Dengue Virus (DEN-1-4),3235,42332,10,119,587826,0.55,439,83,85.1,23.5,49.2,28.9,78.3
2025-02-01,United States,Dengue Virus (DEN-1-4),3393,45725,9,128,589339,0.58,471,88,85.0,26.0,49.3,28.4,71.9
2025-02-02,United States,Dengue Virus (DEN-1-4),2936,48661,9,137,586416,0.5,516,94,87.3,27.0,49.5,27.5,80.5
2025-02-03,United States,Dengue Virus (DEN-1-4),4020,52681,10,147,592617,0.68,568,97,84.3,27.6,49.7,28.6,78.7
2025-02-04,United States,Dengue Virus (DEN-1-4),4885,57566,13,160,596840,0.82,617,104,84.7,21.1,49.8,30.1,80.5
2025-02-05,United States,Dengue Virus (DEN-1-4),4674,62240,13,173,596648,0.78,661,113,88.5,22.3,50.0,27.0,68.6
2025-02-06,United States,Dengue Virus (DEN-1-4),5526,67766,12,185,600229,0.92,711,121,85.1,26.3,50.2,28.9,83.4
2025-02-07,United States,Dengue Virus (DEN-1-4),5204,72970,14,199,598833,0.87,744,131,83.1,27.5,50.4,27.7,76.6
2025-02-08,United States,Dengue Virus (DEN-1-4),4907,77877,13,212,596802,0.82,810,143,86.5,28.2,50.5,30.7,80.2
2025-02-09,United States,Dengue Virus (DEN-1-4),5149,83026,14,226,598821,0.86,903,156,83.0,25.1,50.7,26.7,73.6
2025-02-10,United States,Dengue Virus (DEN-1-4),7688,90714,19,245,616288,1.25,991,164,76.7,33.8,50.9,28.3,78.4
2025-02-11,United States,Dengue Virus (DEN-1-4),7976,98690,25,270,613834,1.3,1086,176,78.4,31.7,51.1,29.8,73.2
2025-02-12,United States,Dengue Virus (DEN-1-4),8389,107079,24,294,618866,1.36,1160,193,76.2,33.1,51.3,31.7,74.3
2025-02-13,United States,Dengue Virus (DEN-1-4),8854,115933,23,317,619357,1.43,1223,209,78.6,31.8,51.5,29.3,81.8
2025-02-14,United States,Dengue Virus (DEN-1-4),8749,124682,24,341,619868,1.41,1284,229,79.5,33.0,51.8,28.7,75.3
2025-02-15,United States,Dengue Virus (DEN-1-4),8177,132859,28,369,617996,1.32,1415,248,83.5,30.4,52.0,32.4,76.3
2025-02-16,United States,Dengue Virus (DEN-1-4),7802,140661,21,390,614722,1.27,1549,265,81.3,30.6,52.2,27.5,78.1
2025-02-17,United States,Dengue Virus (DEN-1-4),12134,152795,37,427,639572,1.9,1708,281,74.9,47.0,52.4,26.5,76.8
2025-02-18,United States,Dengue Virus (DEN-1-4),12268,165063,43,470,640738,1.91,1850,307,76.9,41.3,52.7,30.6,75.6
2025-02-19,United States,Dengue Virus (DEN-1-4),11292,176355,36,506,636277,1.77,1963,335,72.0,49.7,52.9,29.2,76.0
2025-02-20,United States,Dengue Virus (DEN-1-4),13486,189841,38,544,648031,2.08,2065,364,74.2,48.5,53.2,28.6,81.9
2025-02-21,United States,Dengue Virus (DEN-1-4),13498,203339,46,590,649050,2.08,2132,394,75.3,47.6,53.4,31.2,74.4
2025-02-22,United States,Dengue Virus (DEN-1-4),11571,214910,39,629,637317,1.82,2334,423,73.1,39.9,53.7,30.6,74.9
2025-02-23,United States,Dengue Virus (DEN-1-4),11509,226419,45,674,636248,1.81,2550,451,78.4,44.5,54.0,29.5,77.3
2025-02-24,United States,Dengue Virus (DEN-1-4),16431,242850,54,728,668575,2.46,2729,471,70.9,52.3,54.2,28.5,77.2
2025-02-25,United States,Dengue Virus (DEN-1-4),16866,259716,61,789,669675,2.52,2899,510,68.9,55.5,54.5,31.8,77.3
2025-02-26,United States,Dengue Virus (DEN-1-4),15612,275328,67,856,659492,2.37,3060,551,72.5,59.8,54.8,31.6,75.4
2025-02-27,United States,Dengue Virus (DEN-1-4),16557,291885,71,927,667374,2.48,3154,582,74.6,54.1,55.1,30.5,69.8
2025-02-28,United States,Dengue Virus (DEN-1-4),17601,309486,67,994,672790,2.62,3231,626,69.2,60.3,55.4,33.5,78.0
2025-03-01,United States,Dengue Virus (DEN-1-4),15616,325102,69,1063,662394,2.36,3456,672,71.7,50.0,55.7,29.2,69.4
2025-03-02,United States,Dengue Virus (DEN-1-4),12914,338016,57,1120,644537,2.0,3710,707,73.5,45.6,56.0,28.6,73.5
2025-03-03,United States,Dengue Virus (DEN-1-4),17942,355958,96,1216,675383,2.66,3939,727,66.7,63.0,56.3,29.9,70.1
2025-03-04,United States,Dengue Virus (DEN-1-4),17121,373079,99,1315,671076,2.55,4068,773,71.0,53.8,56.6,31.0,72.0
2025-03-05,United States,Dengue Virus (DEN-1-4),17151,390230,94,1409,671617,2.55,4224,818,67.6,61.2,56.9,31.5,72.9
2025-03-06,United States,Dengue Virus (DEN-1-4),19465,409695,114,1523,683435,2.85,4350,854,66.7,63.4,57.2,30.8,72.7
2025-03-07,United States,Dengue Virus (DEN-1-4),20099,429794,98,1621,688105,2.92,4334,896,64.8,61.1,57.5,31.7,72.7
2025-03-08,United States,Dengue Virus (DEN-1-4),15485,445279,81,1702,660281,2.35,4464,947,72.3,53.7,57.8,29.4,76.1
2025-03-09,United States,Dengue Virus (DEN-1-4),14546,459825,101,1803,654468,2.22,4626,989,73.1,52.5,58.2,33.5,72.4
2025-03-10,United States,Dengue Virus (DEN-1-4),18724,478549,135,1938,681955,2.75,4791,993,69.5,61.4,58.5,31.3,70.0
2025-03-11,United States,Dengue Virus (DEN-1-4),17428,495977,127,2065,672818,2.59,4880,1023,68.0,51.7,58.8,33.1,73.4
2025-03-12,United States,Dengue Virus (DEN-1-4),18267,514244,140,2205,676187,2.7,4974,1054,67.5,56.2,59.2,32.0,73.8
2025-03-13,United States,Dengue Virus (DEN-1-4),19201,533445,134,2339,683969,2.81,4971,1074,64.9,59.9,59.5,32.2,66.3
2025-03-14,United States,Dengue Virus (DEN-1-4),17194,550639,154,2493,673132,2.55,4912,1106,68.4,55.7,59.9,32.4,71.6
2025-03-15,United States,Dengue Virus (DEN-1-4),15436,566075,126,2619,661494,2.33,4945,1152,72.2,53.6,60.2,32.3,71.6
2025-03-16,United States,Dengue Virus (DEN-1-4),10270,576345,120,2739,627946,1.64,4998,1173,79.1,39.9,60.6,32.6,68.4
2025-03-17,United States,Dengue Virus (DEN-1-4),16718,593063,164,2903,667669,2.5,5154,1163,68.0,50.7,60.9,33.7,73.2
2025-03-18,United States,Dengue Virus (DEN-1-4),15508,608571,134,3037,662160,2.34,5191,1173,73.1,53.0,61.3,32.0,68.3
2025-03-19,United States,Dengue Virus (DEN-1-4),14627,623198,148,3185,654900,2.23,5193,1183,75.1,51.6,61.6,32.8,68.9
2025-03-20,United States,Dengue Virus (DEN-1-4),14415,637613,164,3349,654779,2.2,5143,1192,73.5,50.9,62.0,31.7,67.8
2025-03-21,United States,Dengue Virus (DEN-1-4),12117,649730,178,3527,641322,1.89,4874,1200,79.2,47.0,62.3,34.0,68.1
2025-03-22,United States,Dengue Virus (DEN-1-4),10886,660616,114,3641,632235,1.72,4775,1209,75.3,43.4,62.7,30.8,64.5
2025-03-23,United States,Dengue Virus (DEN-1-4),9529,670145,123,3764,624960,1.52,4776,1222,76.0,39.0,63.0,34.6,63.2
2025-03-24,United States,Dengue Virus (DEN-1-4),13006,683151,162,3926,642640,2.02,4778,1181,70.8,45.7,63.4,31.8,72.0
2025-03-25,United States,Dengue Virus (DEN-1-4),10980,694131,120,4046,632701,1.74,4652,1179,79.8,36.1,63.7,29.8,64.5
2025-03-26,United States,Dengue Virus (DEN-1-4),10201,704332,132,4178,628799,1.62,4497,1170,79.0,40.5,64.1,32.1,63.8
2025-03-27,United States,Dengue Virus (DEN-1-4),9812,714144,129,4307,625470,1.57,4281,1144,78.1,39.0,64.4,30.9,60.0
2025-03-28,United States,Dengue Virus (DEN-1-4),10045,724189,135,4442,629748,1.6,3998,1114,78.5,39.7,64.8,33.2,64.3
2025-03-29,United States,Dengue Virus (DEN-1-4),7643,731832,131,4573,612273,1.25,3875,1096,78.5,29.3,65.1,31.0,62.0
2025-03-30,United States,Dengue Virus (DEN-1-4),6029,737861,92,4665,603579,1.0,3745,1076,87.6,26.1,65.4,31.3,70.6
2025-03-31,United States,Dengue Virus (DEN-1-4),8085,745946,135,4800,616486,1.31,3743,1027,80.5,37.4,65.8,29.2,68.5
2025-04-01,United States,Dengue Virus (DEN-1-4),7373,753319,140,4940,613525,1.2,3541,1003,81.3,32.4,66.1,31.3,63.1
2025-04-02,United States,Dengue Virus (DEN-1-4),7245,760564,104,5044,609880,1.19,3381,964,82.7,34.3,66.5,28.4,71.7
2025-04-03,United States,Dengue Virus (DEN-1-4),6126,766690,100,5144,605765,1.01,3177,916,83.6,29.6,66.8,29.6,67.6
2025-04-04,United States,Dengue Virus (DEN-1-4),5863,772553,97,5241,603034,0.97,2932,876,83.4,29.0,67.1,33.1,63.4
2025-04-05,United States,Dengue Virus (DEN-1-4),4586,777139,90,5331,594380,0.77,2814,847,82.9,28.7,67.4,33.2,56.7
2025-04-06,United States,Dengue Virus (DEN-1-4),3570,780709,76,5407,589728,0.61,2711,833,86.6,21.9,67.8,32.6,70.8
2025-04-07,United States,Dengue Virus (DEN-1-4),5067,785776,87,5494,598447,0.85,2644,776,87.7,27.3,68.1,30.5,59.5
2025-04-08,United States,Dengue Virus (DEN-1-4),4811,790587,87,5581,596111,0.81,2443,736,86.9,25.1,68.4,31.9,58.4
2025-04-09,United States,Dengue Virus (DEN-1-4),4548,795135,73,5654,595203,0.76,2293,697,87.7,24.5,68.7,31.9,66.2
2025-04-10,United States,Dengue Virus (DEN-1-4),4348,799483,83,5737,593548,0.73,2129,659,83.7,24.4,69.0,30.2,70.2
2025-04-11,United States,Dengue Virus (DEN-1-4),3963,803446,83,5820,591737,0.67,1947,627,83.2,25.1,69.3,34.2,66.8
2025-04-12,United States,Dengue Virus (DEN-1-4),3523,806969,57,5877,589646,0.6,1801,600,85.5,21.9,69.6,33.2,64.0
2025-04-13,United States,Dengue Virus (DEN-1-4),3170,810139,46,5923,588452,0.54,1718,573,86.3,26.3,69.9,31.5,63.9
2025-04-14,United States,Dengue Virus (DEN-1-4),4254,814393,59,5982,592132,0.72,1675,523,87.1,22.4,70.2,31.9,64.4
2025-04-15,United States,Dengue Virus (DEN-1-4),4606,818999,59,6041,597615,0.77,1565,491,81.1,25.4,70.5,32.1,63.9
2025-04-16,United States,Dengue Virus (DEN-1-4),5023,824022,62,6103,596031,0.84,1466,462,87.0,25.6,70.7,28.7,62.2
2025-04-17,United States,Dengue Virus (DEN-1-4),5825,829847,45,6148,602644,0.97,1357,434,82.7,33.2,71.0,31.4,61.4
2025-04-18,United States,Dengue Virus (DEN-1-4),5696,835543,49,6197,602610,0.95,1270,403,82.3,29.1,71.3,30.7,60.6
2025-04-19,United States,Dengue Virus (DEN-1-4),5208,840751,35,6232,599374,0.87,1223,384,81.7,30.5,71.5,30.1,58.3
2025-04-20,United States,Dengue Virus (DEN-1-4),4941,845692,27,6259,596869,0.83,1224,370,80.7,22.3,71.8,31.2,59.5
2025-04-21,United States,Dengue Virus (DEN-1-4),6480,852172,40,6299,606517,1.07,1266,344,83.8,31.2,72.1,34.3,55.0
2025-04-22,United States,Dengue Virus (DEN-1-4),8030,860202,35,6334,615532,1.3,1289,327,80.5,36.8,72.3,32.5,59.6
2025-04-23,United States,Dengue Virus (DEN-1-4),8871,869073,35,6369,620482,1.43,1314,313,76.7,36.3,72.5,30.6,56.6
2025-04-24,United States,Dengue Virus (DEN-1-4),11146,880219,31,6400,635571,1.75,1334,307,74.0,44.7,72.8,32.3,56.1
2025-04-25,United States,Dengue Virus (DEN-1-4),10529,890748,37,6437,631377,1.67,1351,307,76.6,38.5,73.0,33.5,59.7
2025-04-26,United States,Dengue Virus (DEN-1-4),9948,900696,28,6465,626841,1.59,1425,313,81.4,42.9,73.2,32.7,63.1
2025-04-27,United States,Dengue Virus (DEN-1-4),9434,910130,24,6489,625349,1.51,1557,321,78.1,44.3,73.4,31.3,61.4
2025-04-28,United States,Dengue Virus (DEN-1-4),12872,923002,35,6524,645385,1.99,1723,321,71.5,44.5,73.6,30.2,53.7
2025-04-29,United States,Dengue Virus (DEN-1-4),16032,939034,37,6561,664850,2.41,1925,330,70.2,51.8,73.9,32.2,55.2
2025-04-30,United States,Dengue Virus (DEN-1-4),16925,955959,39,6600,670025,2.53,2098,348,69.1,59.6,74.1,31.7,60.8
2025-05-01,United States,Dengue Virus (DEN-1-4),18233,974192,49,6649,676415,2.7,2242,373,62.6,63.1,74.3,32.3,54.8
2025-05-02,United States,Dengue Virus (DEN-1-4),17610,991802,48,6697,672945,2.62,2348,411,68.7,55.3,74.4,31.9,56.8
2025-05-03,United States,Dengue Virus (DEN-1-4),18028,1009830,40,6737,676761,2.66,2558,449,67.8,56.6,74.6,32.4,58.9
2025-05-04,United States,Dengue Virus (DEN-1-4),14312,1024142,38,6775,654328,2.19,2874,485,74.2,48.2,74.8,30.0,54.1
2025-05-05,United States,Dengue Virus (DEN-1-4),22977,1047119,51,6826,705687,3.26,3225,513,66.0,65.6,75.0,32.7,57.1
2025-05-06,United States,Dengue Virus (DEN-1-4),26370,1073489,52,6878,726183,3.63,3569,557,60.5,74.9,75.2,30.9,52.6
2025-05-07,United States,Dengue Virus (DEN-1-4),22906,1096395,62,6940,706559,3.24,3849,616,61.9,66.4,75.3,33.7,54.6
2025-05-08,United States,Dengue Virus (DEN-1-4),24460,1120855,99,7039,714014,3.43,4117,676,58.3,70.8,75.5,29.4,57.2
2025-05-09,United States,Dengue Virus (DEN-1-4),26353,1147208,95,7134,726511,3.63,4209,743,63.4,77.5,75.6,33.0,51.2
2025-05-10,United States,Dengue Virus (DEN-1-4),21918,1169126,78,7212,699151,3.13,4573,810,63.7,67.8,75.8,30.6,57.1
2025-05-11,United States,Dengue Virus (DEN-1-4),18609,1187735,79,7291,679282,2.74,5054,880,67.6,63.9,75.9,29.2,55.5
2025-05-12,United States,Dengue Virus (DEN-1-4),28264,1215999,106,7397,738528,3.83,5448,922,55.9,79.2,76.1,29.4,57.0
2025-05-13,United States,Dengue Virus (DEN-1-4),26722,1242721,160,7557,729003,3.67,5787,1002,58.2,81.5,76.2,29.6,55.8
2025-05-14,United States,Dengue Virus (DEN-1-4),29612,1272333,148,7705,746331,3.97,6089,1096,54.0,84.8,76.3,30.6,59.1
2025-05-15,United States,Dengue Virus (DEN-1-4),27307,1299640,144,7849,732993,3.73,6235,1159,56.0,79.8,76.5,30.6,55.2
2025-05-16,United States,Dengue Virus (DEN-1-4),31547,1331187,130,7979,757149,4.17,6246,1233,50.9,92.0,76.6,28.9,53.3
2025-05-17,United States,Dengue Virus (DEN-1-4),22906,1354093,126,8105,705963,3.24,6557,1321,62.3,66.1,76.7,29.6,54.8
2025-05-18,United States,Dengue Virus (DEN-1-4),20653,1374746,116,8221,691453,2.99,6812,1388,64.0,65.2,76.8,32.8,55.9
2025-05-19,United States,Dengue Virus (DEN-1-4),29246,1403992,173,8394,743646,3.93,7259,1419,53.3,85.0,77.0,32.1,54.2
2025-05-20,United States,Dengue Virus (DEN-1-4),25272,1429264,187,8581,719347,3.51,7386,1485,59.8,76.6,77.1,30.0,54.0
2025-05-21,United States,Dengue Virus (DEN-1-4),26930,1456194,174,8755,729522,3.69,7537,1537,57.1,79.9,77.2,29.3,51.6
2025-05-22,United States,Dengue Virus (DEN-1-4),27754,1483948,179,8934,734965,3.78,7537,1598,59.6,88.3,77.3,29.3,51.5
2025-05-23,United States,Dengue Virus (DEN-1-4),22411,1506359,239,9173,701493,3.19,7426,1650,57.7,66.4,77.4,30.0,49.2
2025-05-24,United States,Dengue Virus (DEN-1-4),20155,1526514,188,9361,690868,2.92,7510,1723,67.9,61.3,77.5,27.4,58.5
2025-05-25,United States,Dengue Virus (DEN-1-4),17120,1543634,149,9510,669559,2.56,7609,1769,71.9,53.8,77.6,28.4,49.3
2025-05-26,United States,Dengue Virus (DEN-1-4),22552,1566186,253,9763,701943,3.21,7852,1756,58.7,66.9,77.7,26.2,50.8
2025-05-27,United States,Dengue Virus (DEN-1-4),18836,1585022,215,9978,682020,2.76,7837,1772,66.6,57.9,77.7,29.2,50.6
2025-05-28,United States,Dengue Virus (DEN-1-4),17606,1602628,221,10199,674273,2.61,7711,1785,68.0,60.4,77.8,29.5,55.3
2025-05-29,United States,Dengue Virus (DEN-1-4),18440,1621068,245,10444,679110,2.72,7434,1798,65.0,63.1,77.9,27.7,51.6
2025-05-30,United States,Dengue Virus (DEN-1-4),16933,1638001,263,10707,670072,2.53,7136,1805,68.0,53.5,78.0,30.6,56.1
2025-05-31,United States,Dengue Virus (DEN-1-4),13103,1651104,168,10875,646451,2.03,6873,1808,72.0,43.7,78.1,26.3,50.2
2025-06-01,United States,Dengue Virus (DEN-1-4),10760,1661864,163,11038,631508,1.7,6754,1816,80.5,42.0,78.1,25.8,52.9
2025-06-02,United States,Dengue Virus (DEN-1-4),12479,1674343,218,11256,642795,1.94,6665,1756,76.8,43.0,78.2,28.2,49.4
2025-06-03,United States,Dengue Virus (DEN-1-4),12036,1686379,180,11436,639384,1.88,6349,1734,78.0,45.5,78.3,29.4,58.2
2025-06-04,United States,Dengue Virus (DEN-1-4),10969,1697348,231,11667,634635,1.73,6105,1676,78.2,41.7,78.3,30.2,48.1
2025-06-05,United States,Dengue Virus (DEN-1-4),9325,1706673,256,11923,623648,1.5,5701,1624,76.5,32.6,78.4,26.9,52.5
2025-06-06,United States,Dengue Virus (DEN-1-4),9746,1716419,159,12082,625496,1.56,5204,1554,77.2,42.8,78.5,29.0,53.3
2025-06-07,United States,Dengue Virus (DEN-1-4),6767,1723186,169,12251,608126,1.11,4913,1522,82.8,36.5,78.5,27.2,52.6
2025-06-08,United States,Dengue Virus (DEN-1-4),4830,1728016,130,12381,597238,0.81,4676,1481,81.7,24.6,78.6,26.9,50.7
2025-06-09,United States,Dengue Virus (DEN-1-4),6464,1734480,173,12554,606066,1.07,4496,1382,83.6,29.2,78.6,28.4,50.7
2025-06-10,United States,Dengue Virus (DEN-1-4),5181,1739661,144,12698,598109,0.87,4109,1314,83.3,28.2,78.7,27.9,51.2
2025-06-11,United States,Dengue Virus (DEN-1-4),5081,1744742,131,12829,598575,0.85,3843,1234,83.1,28.1,78.7,24.4,50.5
2025-06-12,United States,Dengue Virus (DEN-1-4),4561,1749303,148,12977,595456,0.77,3526,1144,85.9,27.8,78.8,28.9,53.7
2025-06-13,United States,Dengue Virus (DEN-1-4),3555,1752858,126,13103,588669,0.6,3128,1074,86.6,29.5,78.8,28.6,57.4
2025-06-14,United States,Dengue Virus (DEN-1-4),2900,1755758,107,13210,584774,0.5,2822,1018,85.8,21.4,78.9,25.4,49.0
2025-06-15,United States,Dengue Virus (DEN-1-4),2176,1757934,86,13296,581134,0.37,2590,962,89.7,17.8,78.9,26.8,46.5
2025-06-16,United States,Dengue Virus (DEN-1-4),2620,1760554,98,13394,582117,0.45,2424,867,84.7,17.1,79.0,26.9,50.3
2025-06-17,United States,Dengue Virus (DEN-1-4),2431,1762985,89,13483,581024,0.42,2192,801,88.3,18.6,79.0,26.4,58.2
2025-06-18,United States,Dengue Virus (DEN-1-4),1884,1764869,84,13567,578431,0.33,1944,734,88.9,19.4,79.0,25.0,48.0
2025-06-19,United States,Dengue Virus (DEN-1-4),1605,1766474,79,13646,577262,0.28,1708,663,87.4,24.2,79.1,24.7,55.3
2025-06-20,United States,Dengue Virus (DEN-1-4),1406,1767880,81,13727,576592,0.24,1499,596,89.0,16.8,79.1,25.5,55.3
2025-06-21,United States,Dengue Virus (DEN-1-4),1053,1768933,50,13777,575639,0.18,1290,545,86.2,18.2,79.1,27.2,48.6
2025-06-22,United States,Dengue Virus (DEN-1-4),877,1769810,39,13816,573965,0.15,1164,503,90.8,17.0,79.2,26.1,51.9
2025-06-23,United States,Dengue Virus (DEN-1-4),1097,1770907,55,13871,574268,0.19,1077,448,88.3,21.2,79.2,24.6,55.0
2025-06-24,United States,Dengue Virus (DEN-1-4),1003,1771910,36,13907,573844,0.17,935,397,87.7,25.0,79.2,26.2,49.0
2025-06-25,United States,Dengue Virus (DEN-1-4),961,1772871,42,13949,572609,0.17,825,351,90.9,15.7,79.3,20.6,49.5
2025-06-26,United States,Dengue Virus (DEN-1-4),862,1773733,35,13984,572999,0.15,707,312,87.6,15.6,79.3,26.5,48.3
2025-06-27,United States,Dengue Virus (DEN-1-4),893,1774626,30,14014,572915,0.16,599,268,86.1,20.3,79.3,22.0,47.0
2025-06-28,United States,Dengue Virus (DEN-1-4),653,1775279,22,14036,572086,0.11,527,239,86.1,18.6,79.3,23.9,48.1
2025-06-29,United States,Dengue Virus (DEN-1-4),667,1775946,15,14051,571020,0.12,472,219,90.4,22.1,79.4,22.7,46.3
2025-01-01,United States,Novel Influenza (H5N1 Flu),658,658,0,0,572419,0.11,0,0,86.0,12.7,46.4,24.9,76.1
2025-01-02,United States,Novel Influenza (H5N1 Flu),660,1318,0,0,570948,0.12,0,0,89.3,21.8,46.4,23.6,83.5
2025-01-03,United States,Novel Influenza (H5N1 Flu),721,2039,0,0,571101,0.13,0,0,89.7,10.5,46.5,25.2,78.6
2025-01-04,United States,Novel Influenza (H5N1 Flu),661,2700,0,0,572294,0.12,0,0,87.4,21.7,46.5,26.1,81.0
2025-01-05,United States,Novel Influenza (H5N1 Flu),552,3252,0,0,570934,0.1,0,0,90.6,16.9,46.6,25.8,79.8
2025-01-06,United States,Novel Influenza (H5N1 Flu),773,4025,0,0,573198,0.13,22,0,85.7,16.5,46.7,25.5,81.4
2025-01-07,United States,Novel Influenza (H5N1 Flu),894,4919,0,0,573683,0.16,44,0,88.8,15.5,46.7,26.4,80.1
2025-01-08,United States,Novel Influenza (H5N1 Flu),889,5808,0,0,573107,0.16,68,0,86.5,18.3,46.8,26.7,76.0
2025-01-09,United States,Novel Influenza (H5N1 Flu),859,6667,0,0,572153,0.15,91,7,87.7,16.9,46.9,27.2,82.8
2025-01-10,United States,Novel Influenza (H5N1 Flu),951,7618,0,0,572037,0.17,109,15,88.9,20.6,46.9,26.2,78.3
2025-01-11,United States,Novel Influenza (H5N1 Flu),781,8399,0,0,572085,0.14,135,23,87.3,17.2,47.0,25.1,75.1
2025-01-12,United States,Novel Influenza (H5N1 Flu),722,9121,0,0,573034,0.13,166,31,88.4,17.2,47.1,25.7,78.4
2025-01-13,United States,Novel Influenza (H5N1 Flu),1059,10180,0,0,574414,0.18,196,37,90.7,16.4,47.2,27.5,84.2
2025-01-14,United States,Novel Influenza (H5N1 Flu),966,11146,0,0,572396,0.17,225,46,87.7,17.1,47.3,24.6,82.2
2025-01-15,United States,Novel Influenza (H5N1 Flu),1024,12170,17,17,574163,0.18,257,56,90.4,18.4,47.3,26.5,78.5
2025-01-16,United States,Novel Influenza (H5N1 Flu),1158,13328,19,36,575179,0.2,261,67,86.3,12.6,47.4,25.5,78.4
2025-01-17,United States,Novel Influenza (H5N1 Flu),1184,14512,18,54,574066,0.21,263,77,89.6,13.8,47.5,26.2,78.5
2025-01-18,United States,Novel Influenza (H5N1 Flu),1135,15647,17,71,574809,0.2,274,87,91.5,19.9,47.6,28.2,85.6
2025-01-19,United States,Novel Influenza (H5N1 Flu),987,16634,15,86,573826,0.17,285,97,83.9,17.9,47.7,26.7,80.4
2025-01-20,United States,Novel Influenza (H5N1 Flu),1364,17998,19,105,574887,0.24,300,105,86.8,17.7,47.8,26.7,80.5
2025-01-21,United States,Novel Influenza (H5N1 Flu),1725,19723,23,128,578553,0.3,313,117,89.1,19.2,47.9,24.7,82.2
2025-01-22,United States,Novel Influenza (H5N1 Flu),1668,21391,22,150,578414,0.29,323,121,87.6,20.0,48.0,28.0,79.7
2025-01-23,United States,Novel Influenza (H5N1 Flu),1817,23208,22,172,579831,0.31,332,125,88.6,17.7,48.1,27.9,78.1
2025-01-24,United States,Novel Influenza (H5N1 Flu),1775,24983,22,194,579549,0.31,336,130,86.7,16.9,48.3,30.3,78.2
2025-01-25,United States,Novel Influenza (H5N1 Flu),1692,26675,20,214,576620,0.29,350,136,88.1,19.6,48.4,26.8,78.5
2025-01-26,United States,Novel Influenza (H5N1 Flu),1683,28358,19,233,577006,0.29,382,143,87.7,16.1,48.5,27.7,78.5
2025-01-27,United States,Novel Influenza (H5N1 Flu),2263,30621,30,263,581939,0.39,414,145,89.6,21.6,48.6,27.9,80.7
2025-01-28,United States,Novel Influenza (H5N1 Flu),2690,33311,26,289,584499,0.46,439,151,87.3,16.3,48.8,30.0,78.5
2025-01-29,United States,Novel Influenza (H5N1 Flu),2748,36059,30,319,584849,0.47,466,160,87.4,24.6,48.9,27.6,80.5
2025-01-30,United States,Novel Influenza (H5N1 Flu),3038,39097,27,346,589926,0.51,489,170,85.5,23.6,49.1,28.3,77.9
2025-01-31,United States,Novel Influenza (H5N1 Flu),3235,42332,32,378,587826,0.55,507,180,85.1,23.5,49.2,28.9,78.3
2025-02-01,United States,Novel Influenza (H5N1 Flu),3393,45725,29,407,589339,0.58,543,191,85.0,26.0,49.3,28.4,71.9
2025-02-02,United States,Novel Influenza (H5N1 Flu),2936,48661,29,436,586416,0.5,596,202,87.3,27.0,49.5,27.5,80.5
2025-02-03,United States,Novel Influenza (H5N1 Flu),4020,52681,32,468,592617,0.68,655,209,84.3,27.6,49.7,28.6,78.7
2025-02-04,United States,Novel Influenza (H5N1 Flu),4885,57566,40,508,596840,0.82,712,224,84.7,21.1,49.8,30.1,80.5
2025-02-05,United States,Novel Influenza (H5N1 Flu),4674,62240,40,548,596648,0.78,763,244,88.5,22.3,50.0,27.0,68.6
2025-02-06,United States,Novel Influenza (H5N1 Flu),5526,67766,38,586,600229,0.92,821,262,85.1,26.3,50.2,28.9,83.4
2025-02-07,United States,Novel Influenza (H5N1 Flu),5204,72970,43,629,598833,0.87,859,283,83.1,27.5,50.4,27.7,76.6
2025-02-08,United States,Novel Influenza (H5N1 Flu),4907,77877,40,669,596802,0.82,934,308,86.5,28.2,50.5,30.7,80.2
2025-02-09,United States,Novel Influenza (H5N1 Flu),5149,83026,43,712,598821,0.86,1042,336,83.0,25.1,50.7,26.7,73.6
2025-02-10,United States,Novel Influenza (H5N1 Flu),7688,90714,58,770,616288,1.25,1143,354,76.7,33.8,50.9,28.3,78.4
2025-02-11,United States,Novel Influenza (H5N1 Flu),7976,98690,77,847,613834,1.3,1253,380,78.4,31.7,51.1,29.8,73.2
2025-02-12,United States,Novel Influenza (H5N1 Flu),8389,107079,74,921,618866,1.36,1338,417,76.2,33.1,51.3,31.7,74.3
2025-02-13,United States,Novel Influenza (H5N1 Flu),8854,115933,72,993,619357,1.43,1411,450,78.6,31.8,51.5,29.3,81.8
2025-02-14,United States,Novel Influenza (H5N1 Flu),8749,124682,75,1068,619868,1.41,1482,494,79.5,33.0,51.8,28.7,75.3
2025-02-15,United States,Novel Influenza (H5N1 Flu),8177,132859,88,1156,617996,1.32,1632,534,83.5,30.4,52.0,32.4,76.3
2025-02-16,United States,Novel Influenza (H5N1 Flu),7802,140661,66,1222,614722,1.27,1787,571,81.3,30.6,52.2,27.5,78.1
2025-02-17,United States,Novel Influenza (H5N1 Flu),12134,152795,115,1337,639572,1.9,1971,605,74.9,47.0,52.4,26.5,76.8
2025-02-18,United States,Novel Influenza (H5N1 Flu),12268,165063,134,1471,640738,1.91,2134,663,76.9,41.3,52.7,30.6,75.6
2025-02-19,United States,Novel Influenza (H5N1 Flu),11292,176355,112,1583,636277,1.77,2265,723,72.0,49.7,52.9,29.2,76.0
2025-02-20,United States,Novel Influenza (H5N1 Flu),13486,189841,119,1702,648031,2.08,2383,785,74.2,48.5,53.2,28.6,81.9
2025-02-21,United States,Novel Influenza (H5N1 Flu),13498,203339,144,1846,649050,2.08,2460,850,75.3,47.6,53.4,31.2,74.4
2025-02-22,United States,Novel Influenza (H5N1 Flu),11571,214910,122,1968,637317,1.82,2694,911,73.1,39.9,53.7,30.6,74.9
2025-02-23,United States,Novel Influenza (H5N1 Flu),11509,226419,141,2109,636248,1.81,2942,972,78.4,44.5,54.0,29.5,77.3
2025-02-24,United States,Novel Influenza (H5N1 Flu),16431,242850,168,2277,668575,2.46,3149,1016,70.9,52.3,54.2,28.5,77.2
2025-02-25,United States,Novel Influenza (H5N1 Flu),16866,259716,190,2467,669675,2.52,3345,1099,68.9,55.5,54.5,31.8,77.3
2025-02-26,United States,Novel Influenza (H5N1 Flu),15612,275328,210,2677,659492,2.37,3531,1187,72.5,59.8,54.8,31.6,75.4
2025-02-27,United States,Novel Influenza (H5N1 Flu),16557,291885,222,2899,667374,2.48,3639,1254,74.6,54.1,55.1,30.5,69.8
2025-02-28,United States,Novel Influenza (H5N1 Flu),17601,309486,211,3110,672790,2.62,3728,1349,69.2,60.3,55.4,33.5,78.0
2025-03-01,United States,Novel Influenza (H5N1 Flu),15616,325102,215,3325,662394,2.36,3988,1449,71.7,50.0,55.7,29.2,69.4
2025-03-02,United States,Novel Influenza (H5N1 Flu),12914,338016,178,3503,644537,2.0,4281,1523,73.5,45.6,56.0,28.6,73.5
2025-03-03,United States,Novel Influenza (H5N1 Flu),17942,355958,300,3803,675383,2.66,4545,1567,66.7,63.0,56.3,29.9,70.1
2025-03-04,United States,Novel Influenza (H5N1 Flu),17121,373079,310,4113,671076,2.55,4694,1665,71.0,53.8,56.6,31.0,72.0
2025-03-05,United States,Novel Influenza (H5N1 Flu),17151,390230,294,4407,671617,2.55,4874,1762,67.6,61.2,56.9,31.5,72.9
2025-03-06,United States,Novel Influenza (H5N1 Flu),19465,409695,356,4763,683435,2.85,5020,1841,66.7,63.4,57.2,30.8,72.7
2025-03-07,United States,Novel Influenza (H5N1 Flu),20099,429794,307,5070,688105,2.92,5000,1931,64.8,61.1,57.5,31.7,72.7
2025-03-08,United States,Novel Influenza (H5N1 Flu),15485,445279,254,5324,660281,2.35,5150,2040,72.3,53.7,57.8,29.4,76.1
2025-03-09,United States,Novel Influenza (H5N1 Flu),14546,459825,317,5641,654468,2.22,5338,2130,73.1,52.5,58.2,33.5,72.4
2025-03-10,United States,Novel Influenza (H5N1 Flu),18724,478549,422,6063,681955,2.75,5528,2139,69.5,61.4,58.5,31.3,70.0
2025-03-11,United States,Novel Influenza (H5N1 Flu),17428,495977,396,6459,672818,2.59,5631,2204,68.0,51.7,58.8,33.1,73.4
2025-03-12,United States,Novel Influenza (H5N1 Flu),18267,514244,439,6898,676187,2.7,5740,2272,67.5,56.2,59.2,32.0,73.8
2025-03-13,United States,Novel Influenza (H5N1 Flu),19201,533445,418,7316,683969,2.81,5735,2314,64.9,59.9,59.5,32.2,66.3
2025-03-14,United States,Novel Influenza (H5N1 Flu),17194,550639,482,7798,673132,2.55,5667,2383,68.4,55.7,59.9,32.4,71.6
2025-03-15,United States,Novel Influenza (H5N1 Flu),15436,566075,393,8191,661494,2.33,5705,2481,72.2,53.6,60.2,32.3,71.6
2025-03-16,United States,Novel Influenza (H5N1 Flu),10270,576345,376,8567,627946,1.64,5767,2527,79.1,39.9,60.6,32.6,68.4
2025-03-17,United States,Novel Influenza (H5N1 Flu),16718,593063,512,9079,667669,2.5,5947,2506,68.0,50.7,60.9,33.7,73.2
2025-03-18,United States,Novel Influenza (H5N1 Flu),15508,608571,419,9498,662160,2.34,5990,2527,73.1,53.0,61.3,32.0,68.3
2025-03-19,United States,Novel Influenza (H5N1 Flu),14627,623198,462,9960,654900,2.23,5992,2548,75.1,51.6,61.6,32.8,68.9
2025-03-20,United States,Novel Influenza (H5N1 Flu),14415,637613,512,10472,654779,2.2,5934,2568,73.5,50.9,62.0,31.7,67.8
2025-03-21,United States,Novel Influenza (H5N1 Flu),12117,649730,557,11029,641322,1.89,5624,2586,79.2,47.0,62.3,34.0,68.1
2025-03-22,United States,Novel Influenza (H5N1 Flu),10886,660616,357,11386,632235,1.72,5510,2604,75.3,43.4,62.7,30.8,64.5
2025-03-23,United States,Novel Influenza (H5N1 Flu),9529,670145,384,11770,624960,1.52,5511,2634,76.0,39.0,63.0,34.6,63.2
2025-03-24,United States,Novel Influenza (H5N1 Flu),13006,683151,508,12278,642640,2.02,5513,2545,70.8,45.7,63.4,31.8,72.0
2025-03-25,United States,Novel Influenza (H5N1 Flu),10980,694131,374,12652,632701,1.74,5368,2540,79.8,36.1,63.7,29.8,64.5
2025-03-26,United States,Novel Influenza (H5N1 Flu),10201,704332,413,13065,628799,1.62,5189,2521,79.0,40.5,64.1,32.1,63.8
2025-03-27,United States,Novel Influenza (H5N1 Flu),9812,714144,402,13467,625470,1.57,4940,2465,78.1,39.0,64.4,30.9,60.0
2025-03-28,United States,Novel Influenza (H5N1 Flu),10045,724189,421,13888,629748,1.6,4613,2400,78.5,39.7,64.8,33.2,64.3
2025-03-29,United States,Novel Influenza (H5N1 Flu),7643,731832,408,14296,612273,1.25,4472,2361,78.5,29.3,65.1,31.0,62.0
2025-03-30,United States,Novel Influenza (H5N1 Flu),6029,737861,288,14584,603579,1.0,4321,2319,87.6,26.1,65.4,31.3,70.6
2025-03-31,United States,Novel Influenza (H5N1 Flu),8085,745946,420,15004,616486,1.31,4319,2212,80.5,37.4,65.8,29.2,68.5
2025-04-01,United States,Novel Influenza (H5N1 Flu),7373,753319,438,15442,613525,1.2,4086,2161,81.3,32.4,66.1,31.3,63.1
2025-04-02,United States,Novel Influenza (H5N1 Flu),7245,760564,325,15767,609880,1.19,3902,2077,82.7,34.3,66.5,28.4,71.7
2025-04-03,United States,Novel Influenza (H5N1 Flu),6126,766690,311,16078,605765,1.01,3666,1973,83.6,29.6,66.8,29.6,67.6
2025-04-04,United States,Novel Influenza (H5N1 Flu),5863,772553,302,16380,603034,0.97,3383,1888,83.4,29.0,67.1,33.1,63.4
2025-04-05,United States,Novel Influenza (H5N1 Flu),4586,777139,281,16661,594380,0.77,3247,1826,82.9,28.7,67.4,33.2,56.7
2025-04-06,United States,Novel Influenza (H5N1 Flu),3570,780709,238,16899,589728,0.61,3128,1795,86.6,21.9,67.8,32.6,70.8
2025-04-07,United States,Novel Influenza (H5N1 Flu),5067,785776,271,17170,598447,0.85,3051,1672,87.7,27.3,68.1,30.5,59.5
2025-04-08,United States,Novel Influenza (H5N1 Flu),4811,790587,273,17443,596111,0.81,2819,1586,86.9,25.1,68.4,31.9,58.4
2025-04-09,United States,Novel Influenza (H5N1 Flu),4548,795135,228,17671,595203,0.76,2646,1502,87.7,24.5,68.7,31.9,66.2
2025-04-10,United States,Novel Influenza (H5N1 Flu),4348,799483,258,17929,593548,0.73,2457,1420,83.7,24.4,69.0,30.2,70.2
2025-04-11,United States,Novel Influenza (H5N1 Flu),3963,803446,258,18187,591737,0.67,2246,1350,83.2,25.1,69.3,34.2,66.8
2025-04-12,United States,Novel Influenza (H5N1 Flu),3523,806969,177,18364,589646,0.6,2078,1292,85.5,21.9,69.6,33.2,64.0
2025-04-13,United States,Novel Influenza (H5N1 Flu),3170,810139,145,18509,588452,0.54,1982,1235,86.3,26.3,69.9,31.5,63.9
2025-04-14,United States,Novel Influenza (H5N1 Flu),4254,814393,185,18694,592132,0.72,1932,1126,87.1,22.4,70.2,31.9,64.4
2025-04-15,United States,Novel Influenza (H5N1 Flu),4606,818999,183,18877,597615,0.77,1806,1058,81.1,25.4,70.5,32.1,63.9
2025-04-16,United States,Novel Influenza (H5N1 Flu),5023,824022,195,19072,596031,0.84,1691,996,87.0,25.6,70.7,28.7,62.2
2025-04-17,United States,Novel Influenza (H5N1 Flu),5825,829847,141,19213,602644,0.97,1566,935,82.7,33.2,71.0,31.4,61.4
2025-04-18,United States,Novel Influenza (H5N1 Flu),5696,835543,152,19365,602610,0.95,1466,869,82.3,29.1,71.3,30.7,60.6
2025-04-19,United States,Novel Influenza (H5N1 Flu),5208,840751,110,19475,599374,0.87,1412,827,81.7,30.5,71.5,30.1,58.3
2025-04-20,United States,Novel Influenza (H5N1 Flu),4941,845692,84,19559,596869,0.83,1412,798,80.7,22.3,71.8,31.2,59.5
2025-04-21,United States,Novel Influenza (H5N1 Flu),6480,852172,126,19685,606517,1.07,1461,741,83.8,31.2,72.1,34.3,55.0
2025-04-22,United States,Novel Influenza (H5N1 Flu),8030,860202,110,19795,615532,1.3,1487,705,80.5,36.8,72.3,32.5,59.6
2025-04-23,United States,Novel Influenza (H5N1 Flu),8871,869073,109,19904,620482,1.43,1517,674,76.7,36.3,72.5,30.6,56.6
2025-04-24,United States,Novel Influenza (H5N1 Flu),11146,880219,98,20002,635571,1.75,1539,662,74.0,44.7,72.8,32.3,56.1
2025-04-25,United States,Novel Influenza (H5N1 Flu),10529,890748,115,20117,631377,1.67,1559,661,76.6,38.5,73.0,33.5,59.7
2025-04-26,United States,Novel Influenza (H5N1 Flu),9948,900696,88,20205,626841,1.59,1644,674,81.4,42.9,73.2,32.7,63.1
2025-04-27,United States,Novel Influenza (H5N1 Flu),9434,910130,75,20280,625349,1.51,1796,693,78.1,44.3,73.4,31.3,61.4
2025-04-28,United States,Novel Influenza (H5N1 Flu),12872,923002,108,20388,645385,1.99,1989,692,71.5,44.5,73.6,30.2,53.7
2025-04-29,United States,Novel Influenza (H5N1 Flu),16032,939034,114,20502,664850,2.41,2221,711,70.2,51.8,73.9,32.2,55.2
2025-04-30,United States,Novel Influenza (H5N1 Flu),16925,955959,123,20625,670025,2.53,2421,751,69.1,59.6,74.1,31.7,60.8
2025-05-01,United States,Novel Influenza (H5N1 Flu),18233,974192,153,20778,676415,2.7,2587,803,62.6,63.1,74.3,32.3,54.8
2025-05-02,United States,Novel Influenza (H5N1 Flu),17610,991802,151,20929,672945,2.62,2709,886,68.7,55.3,74.4,31.9,56.8
2025-05-03,United States,Novel Influenza (H5N1 Flu),18028,1009830,125,21054,676761,2.66,2951,967,67.8,56.6,74.6,32.4,58.9
2025-05-04,United States,Novel Influenza (H5N1 Flu),14312,1024142,118,21172,654328,2.19,3317,1045,74.2,48.2,74.8,30.0,54.1
2025-05-05,United States,Novel Influenza (H5N1 Flu),22977,1047119,158,21330,705687,3.26,3721,1105,66.0,65.6,75.0,32.7,57.1
2025-05-06,United States,Novel Influenza (H5N1 Flu),26370,1073489,164,21494,726183,3.63,4118,1201,60.5,74.9,75.2,30.9,52.6
2025-05-07,United States,Novel Influenza (H5N1 Flu),22906,1096395,195,21689,706559,3.24,4441,1328,61.9,66.4,75.3,33.7,54.6
2025-05-08,United States,Novel Influenza (H5N1 Flu),24460,1120855,309,21998,714014,3.43,4750,1456,58.3,70.8,75.5,29.4,57.2
2025-05-09,United States,Novel Influenza (H5N1 Flu),26353,1147208,298,22296,726511,3.63,4857,1601,63.4,77.5,75.6,33.0,51.2
2025-05-10,United States,Novel Influenza (H5N1 Flu),21918,1169126,244,22540,699151,3.13,5277,1744,63.7,67.8,75.8,30.6,57.1
2025-05-11,United States,Novel Influenza (H5N1 Flu),18609,1187735,247,22787,679282,2.74,5831,1895,67.6,63.9,75.9,29.2,55.5
2025-05-12,United States,Novel Influenza (H5N1 Flu),28264,1215999,330,23117,738528,3.83,6286,1986,55.9,79.2,76.1,29.4,57.0
2025-05-13,United States,Novel Influenza (H5N1 Flu),26722,1242721,500,23617,729003,3.67,6677,2158,58.2,81.5,76.2,29.6,55.8
2025-05-14,United States,Novel Influenza (H5N1 Flu),29612,1272333,461,24078,746331,3.97,7025,2361,54.0,84.8,76.3,30.6,59.1
2025-05-15,United States,Novel Influenza (H5N1 Flu),27307,1299640,451,24529,732993,3.73,7194,2496,56.0,79.8,76.5,30.6,55.2
2025-05-16,United States,Novel Influenza (H5N1 Flu),31547,1331187,407,24936,757149,4.17,7207,2657,50.9,92.0,76.6,28.9,53.3
2025-05-17,United States,Novel Influenza (H5N1 Flu),22906,1354093,393,25329,705963,3.24,7566,2847,62.3,66.1,76.7,29.6,54.8
2025-05-18,United States,Novel Influenza (H5N1 Flu),20653,1374746,364,25693,691453,2.99,7860,2991,64.0,65.2,76.8,32.8,55.9
2025-05-19,United States,Novel Influenza (H5N1 Flu),29246,1403992,540,26233,743646,3.93,8376,3057,53.3,85.0,77.0,32.1,54.2
2025-05-20,United States,Novel Influenza (H5N1 Flu),25272,1429264,584,26817,719347,3.51,8522,3198,59.8,76.6,77.1,30.0,54.0
2025-05-21,United States,Novel Influenza (H5N1 Flu),26930,1456194,543,27360,729522,3.69,8697,3312,57.1,79.9,77.2,29.3,51.6
2025-05-22,United States,Novel Influenza (H5N1 Flu),27754,1483948,559,27919,734965,3.78,8697,3443,59.6,88.3,77.3,29.3,51.5
2025-05-23,United States,Novel Influenza (H5N1 Flu),22411,1506359,748,28667,701493,3.19,8568,3555,57.7,66.4,77.4,30.0,49.2
2025-05-24,United States,Novel Influenza (H5N1 Flu),20155,1526514,587,29254,690868,2.92,8666,3711,67.9,61.3,77.5,27.4,58.5
2025-05-25,United States,Novel Influenza (H5N1 Flu),17120,1543634,465,29719,669559,2.56,8779,3810,71.9,53.8,77.6,28.4,49.3
2025-05-26,United States,Novel Influenza (H5N1 Flu),22552,1566186,790,30509,701943,3.21,9060,3784,58.7,66.9,77.7,26.2,50.8
2025-05-27,United States,Novel Influenza (H5N1 Flu),18836,1585022,672,31181,682020,2.76,9043,3817,66.6,57.9,77.7,29.2,50.6
2025-05-28,United States,Novel Influenza (H5N1 Flu),17606,1602628,689,31870,674273,2.61,8897,3844,68.0,60.4,77.8,29.5,55.3
2025-05-29,United States,Novel Influenza (H5N1 Flu),18440,1621068,766,32636,679110,2.72,8578,3873,65.0,63.1,77.9,27.7,51.6
2025-05-30,United States,Novel Influenza (H5N1 Flu),16933,1638001,823,33459,670072,2.53,8234,3889,68.0,53.5,78.0,30.6,56.1
2025-05-31,United States,Novel Influenza (H5N1 Flu),13103,1651104,525,33984,646451,2.03,7931,3895,72.0,43.7,78.1,26.3,50.2
2025-06-01,United States,Novel Influenza (H5N1 Flu),10760,1661864,508,34492,631508,1.7,7793,3912,80.5,42.0,78.1,25.8,52.9
2025-06-02,United States,Novel Influenza (H5N1 Flu),12479,1674343,680,35172,642795,1.94,7691,3784,76.8,43.0,78.2,28.2,49.4
2025-06-03,United States,Novel Influenza (H5N1 Flu),12036,1686379,562,35734,639384,1.88,7326,3736,78.0,45.5,78.3,29.4,58.2
2025-06-04,United States,Novel Influenza (H5N1 Flu),10969,1697348,723,36457,634635,1.73,7044,3611,78.2,41.7,78.3,30.2,48.1
2025-06-05,United States,Novel Influenza (H5N1 Flu),9325,1706673,800,37257,623648,1.5,6578,3499,76.5,32.6,78.4,26.9,52.5
2025-06-06,United States,Novel Influenza (H5N1 Flu),9746,1716419,498,37755,625496,1.56,6004,3348,77.2,42.8,78.5,29.0,53.3
2025-06-07,United States,Novel Influenza (H5N1 Flu),6767,1723186,527,38282,608126,1.11,5669,3279,82.8,36.5,78.5,27.2,52.6
2025-06-08,United States,Novel Influenza (H5N1 Flu),4830,1728016,406,38688,597238,0.81,5395,3191,81.7,24.6,78.6,26.9,50.7
2025-06-09,United States,Novel Influenza (H5N1 Flu),6464,1734480,542,39230,606066,1.07,5187,2978,83.6,29.2,78.6,28.4,50.7
2025-06-10,United States,Novel Influenza (H5N1 Flu),5181,1739661,449,39679,598109,0.87,4741,2830,83.3,28.2,78.7,27.9,51.2
2025-06-11,United States,Novel Influenza (H5N1 Flu),5081,1744742,410,40089,598575,0.85,4434,2658,83.1,28.1,78.7,24.4,50.5
2025-06-12,United States,Novel Influenza (H5N1 Flu),4561,1749303,463,40552,595456,0.77,4068,2464,85.9,27.8,78.8,28.9,53.7
2025-06-13,United States,Novel Influenza (H5N1 Flu),3555,1752858,395,40947,588669,0.6,3609,2313,86.6,29.5,78.8,28.6,57.4
2025-06-14,United States,Novel Influenza (H5N1 Flu),2900,1755758,335,41282,584774,0.5,3256,2193,85.8,21.4,78.9,25.4,49.0
2025-06-15,United States,Novel Influenza (H5N1 Flu),2176,1757934,268,41550,581134,0.37,2988,2073,89.7,17.8,78.9,26.8,46.5
2025-06-16,United States,Novel Influenza (H5N1 Flu),2620,1760554,306,41856,582117,0.45,2797,1869,84.7,17.1,79.0,26.9,50.3
2025-06-17,United States,Novel Influenza (H5N1 Flu),2431,1762985,279,42135,581024,0.42,2529,1726,88.3,18.6,79.0,26.4,58.2
2025-06-18,United States,Novel Influenza (H5N1 Flu),1884,1764869,262,42397,578431,0.33,2243,1582,88.9,19.4,79.0,25.0,48.0
2025-06-19,United States,Novel Influenza (H5N1 Flu),1605,1766474,247,42644,577262,0.28,1971,1428,87.4,24.2,79.1,24.7,55.3
2025-06-20,United States,Novel Influenza (H5N1 Flu),1406,1767880,253,42897,576592,0.24,1730,1285,89.0,16.8,79.1,25.5,55.3
2025-06-21,United States,Novel Influenza (H5N1 Flu),1053,1768933,156,43053,575639,0.18,1489,1175,86.2,18.2,79.1,27.2,48.6
2025-06-22,United States,Novel Influenza (H5N1 Flu),877,1769810,122,43175,573965,0.15,1343,1084,90.8,17.0,79.2,26.1,51.9
2025-06-23,United States,Novel Influenza (H5N1 Flu),1097,1770907,171,43346,574268,0.19,1243,965,88.3,21.2,79.2,24.6,55.0
2025-06-24,United States,Novel Influenza (H5N1 Flu),1003,1771910,112,43458,573844,0.17,1079,856,87.7,25.0,79.2,26.2,49.0
2025-06-25,United States,Novel Influenza (H5N1 Flu),961,1772871,133,43591,572609,0.17,952,758,90.9,15.7,79.3,20.6,49.5
2025-06-26,United States,Novel Influenza (H5N1 Flu),862,1773733,108,43699,572999,0.15,816,672,87.6,15.6,79.3,26.5,48.3
2025-06-27,United States,Novel Influenza (H5N1 Flu),893,1774626,93,43792,572915,0.16,692,578,86.1,20.3,79.3,22.0,47.0
2025-06-28,United States,Novel Influenza (H5N1 Flu),653,1775279,68,43860,572086,0.11,609,516,86.1,18.6,79.3,23.9,48.1
2025-06-29,United States,Novel Influenza (H5N1 Flu),667,1775946,47,43907,571020,0.12,545,472,90.4,22.1,79.4,22.7,46.3
2025-01-01,United Kingdom,COVID-19 (SARS-CoV-2),296,296,0,0,257875,0.11,0,0,84.0,12.7,46.4,24.9,76.1
2025-01-02,United Kingdom,COVID-19 (SARS-CoV-2),297,593,0,0,256398,0.12,0,0,87.3,21.8,46.4,23.6,83.5
2025-01-03,United Kingdom,COVID-19 (SARS-CoV-2),324,917,0,0,256347,0.13,0,0,87.7,10.5,46.5,25.2,78.6
2025-01-04,United Kingdom,COVID-19 (SARS-CoV-2),297,1214,0,0,257738,0.12,0,0,85.4,21.7,46.5,26.1,81.0
2025-01-05,United Kingdom,COVID-19 (SARS-CoV-2),248,1462,0,0,256738,0.1,0,0,88.6,16.9,46.6,25.8,79.8
2025-01-06,United Kingdom,COVID-19 (SARS-CoV-2),348,1810,0,0,258276,0.13,5,0,83.7,16.5,46.7,25.5,81.4
2025-01-07,United Kingdom,COVID-19 (SARS-CoV-2),402,2212,0,0,258359,0.16,12,0,86.8,15.5,46.7,26.4,80.1
2025-01-08,United Kingdom,COVID-19 (SARS-CoV-2),400,2612,0,0,257801,0.16,18,0,84.5,18.3,46.8,26.7,76.0
2025-01-09,United Kingdom,COVID-19 (SARS-CoV-2),386,2998,0,0,256943,0.15,24,1,85.7,16.9,46.9,27.2,82.8
2025-01-10,United Kingdom,COVID-19 (SARS-CoV-2),427,3425,0,0,256521,0.17,29,3,87.0,20.6,46.9,26.2,78.3
2025-01-11,United Kingdom,COVID-19 (SARS-CoV-2),351,3776,0,0,257133,0.14,36,4,85.3,17.2,47.0,25.1,75.1
2025-01-12,United Kingdom,COVID-19 (SARS-CoV-2),324,4100,0,0,258274,0.13,44,6,86.4,17.2,47.1,25.7,78.4
2025-01-13,United Kingdom,COVID-19 (SARS-CoV-2),476,4576,0,0,258544,0.18,52,7,88.7,16.4,47.2,27.5,84.2
2025-01-14,United Kingdom,COVID-19 (SARS-CoV-2),434,5010,0,0,256832,0.17,60,9,85.7,17.1,47.3,24.6,82.2
2025-01-15,United Kingdom,COVID-19 (SARS-CoV-2),460,5470,4,4,258407,0.18,69,12,88.4,18.4,47.3,26.5,78.5
2025-01-16,United Kingdom,COVID-19 (SARS-CoV-2),521,5991,4,8,258985,0.2,70,14,84.3,12.6,47.4,25.5,78.4
2025-01-17,United Kingdom,COVID-19 (SARS-CoV-2),532,6523,4,12,257782,0.21,71,16,87.6,13.8,47.5,26.2,78.5
2025-01-18,United Kingdom,COVID-19 (SARS-CoV-2),510,7033,4,16,258687,0.2,74,18,89.5,19.9,47.6,28.2,85.6
2025-01-19,United Kingdom,COVID-19 (SARS-CoV-2),444,7477,3,19,258196,0.17,76,20,81.9,17.9,47.7,26.7,80.4
2025-01-20,United Kingdom,COVID-19 (SARS-CoV-2),613,8090,4,23,258009,0.24,81,22,84.8,17.7,47.8,26.7,80.5
2025-01-21,United Kingdom,COVID-19 (SARS-CoV-2),776,8866,5,28,260487,0.3,84,24,87.1,19.2,47.9,24.7,82.2
2025-01-22,United Kingdom,COVID-19 (SARS-CoV-2),750,9616,5,33,260534,0.29,87,25,85.6,20.0,48.0,28.0,79.7
2025-01-23,United Kingdom,COVID-19 (SARS-CoV-2),817,10433,5,38,261459,0.31,89,26,86.6,17.7,48.1,27.9,78.1
2025-01-24,United Kingdom,COVID-19 (SARS-CoV-2),798,11231,5,43,261315,0.31,90,27,84.7,16.9,48.3,30.3,78.2
2025-01-25,United Kingdom,COVID-19 (SARS-CoV-2),761,11992,4,47,258662,0.29,94,28,86.1,19.6,48.4,26.8,78.5
2025-01-26,United Kingdom,COVID-19 (SARS-CoV-2),757,12749,4,51,259078,0.29,103,30,85.7,16.1,48.5,27.7,78.5
2025-01-27,United Kingdom,COVID-19 (SARS-CoV-2),1018,13767,6,57,262097,0.39,111,30,87.6,21.6,48.6,27.9,80.7
2025-01-28,United Kingdom,COVID-19 (SARS-CoV-2),1210,14977,6,63,263247,0.46,118,32,85.3,16.3,48.8,30.0,78.5
2025-01-29,United Kingdom,COVID-19 (SARS-CoV-2),1236,16213,6,69,263405,0.47,125,34,85.4,24.6,48.9,27.6,80.5
2025-01-30,United Kingdom,COVID-19 (SARS-CoV-2),1367,17580,6,75,267528,0.51,132,36,83.5,23.6,49.1,28.3,77.9
2025-01-31,United Kingdom,COVID-19 (SARS-CoV-2),1455,19035,7,82,264774,0.55,136,38,83.1,23.5,49.2,28.9,78.3
2025-02-01,United Kingdom,COVID-19 (SARS-CoV-2),1526,20561,6,88,265765,0.57,146,40,83.0,26.0,49.3,28.4,71.9
2025-02-02,United Kingdom,COVID-19 (SARS-CoV-2),1321,21882,6,94,264354,0.5,160,42,85.3,27.0,49.5,27.5,80.5
2025-02-03,United Kingdom,COVID-19 (SARS-CoV-2),1808,23690,7,101,266973,0.68,176,44,82.3,27.6,49.7,28.6,78.7
2025-02-04,United Kingdom,COVID-19 (SARS-CoV-2),2197,25887,9,110,268340,0.82,192,47,82.7,21.1,49.8,30.1,80.5
2025-02-05,United Kingdom,COVID-19 (SARS-CoV-2),2103,27990,9,119,268850,0.78,205,51,86.5,22.3,50.0,27.0,68.6
2025-02-06,United Kingdom,COVID-19 (SARS-CoV-2),2486,30476,8,127,269617,0.92,221,55,83.1,26.3,50.2,28.9,83.4
2025-02-07,United Kingdom,COVID-19 (SARS-CoV-2),2341,32817,9,136,269283,0.87,231,60,81.1,27.4,50.4,27.7,76.6
2025-02-08,United Kingdom,COVID-19 (SARS-CoV-2),2207,35024,9,145,268230,0.82,252,65,84.5,28.2,50.5,30.7,80.2
2025-02-09,United Kingdom,COVID-19 (SARS-CoV-2),2316,37340,9,154,269451,0.86,281,71,81.0,25.1,50.7,26.7,73.6
2025-02-10,United Kingdom,COVID-19 (SARS-CoV-2),3459,40799,13,167,278542,1.24,308,75,74.7,33.8,50.9,28.3,78.4
2025-02-11,United Kingdom,COVID-19 (SARS-CoV-2),3588,44387,17,184,275134,1.3,338,80,76.4,31.7,51.1,29.8,73.2
2025-02-12,United Kingdom,COVID-19 (SARS-CoV-2),3774,48161,16,200,278804,1.35,361,88,74.2,33.1,51.3,31.7,74.3
2025-02-13,United Kingdom,COVID-19 (SARS-CoV-2),3983,52144,16,216,277759,1.43,380,95,76.6,31.8,51.5,29.3,81.8
2025-02-14,United Kingdom,COVID-19 (SARS-CoV-2),3936,56080,16,232,278618,1.41,400,104,77.5,33.0,51.8,28.7,75.3
2025-02-15,United Kingdom,COVID-19 (SARS-CoV-2),3678,59758,19,251,278630,1.32,440,113,81.5,30.4,52.0,32.4,76.3
2025-02-16,United Kingdom,COVID-19 (SARS-CoV-2),3510,63268,14,265,276598,1.27,482,121,79.3,30.6,52.2,27.5,78.1
2025-02-17,United Kingdom,COVID-19 (SARS-CoV-2),5459,68727,25,290,287150,1.9,532,128,72.9,47.0,52.4,26.5,76.8
2025-02-18,United Kingdom,COVID-19 (SARS-CoV-2),5519,74246,29,319,287872,1.92,576,140,74.9,41.3,52.7,30.6,75.6
2025-02-19,United Kingdom,COVID-19 (SARS-CoV-2),5080,79326,24,343,286633,1.77,611,153,70.0,49.7,52.9,29.2,76.0
2025-02-20,United Kingdom,COVID-19 (SARS-CoV-2),6067,85393,26,369,291145,2.08,643,166,72.2,48.5,53.2,28.6,81.9
2025-02-21,United Kingdom,COVID-19 (SARS-CoV-2),6073,91466,31,400,292128,2.08,664,180,73.3,47.6,53.4,31.2,74.4
2025-02-22,United Kingdom,COVID-19 (SARS-CoV-2),5206,96672,26,426,286755,1.82,727,193,71.1,39.9,53.7,30.6,74.9
2025-02-23,United Kingdom,COVID-19 (SARS-CoV-2),5178,101850,31,457,285890,1.81,794,206,76.4,44.5,54.0,29.5,77.3
2025-02-24,United Kingdom,COVID-19 (SARS-CoV-2),7392,109242,36,493,301969,2.45,850,215,68.9,52.3,54.2,28.5,77.2
2025-02-25,United Kingdom,COVID-19 (SARS-CoV-2),7588,116830,41,534,301635,2.52,903,233,66.9,55.5,54.5,31.8,77.3
2025-02-26,United Kingdom,COVID-19 (SARS-CoV-2),7024,123854,45,579,295592,2.38,953,251,70.5,59.8,54.8,31.6,75.4
2025-02-27,United Kingdom,COVID-19 (SARS-CoV-2),7449,131303,48,627,300354,2.48,982,265,72.6,54.1,55.1,30.5,69.8
2025-02-28,United Kingdom,COVID-19 (SARS-CoV-2),7919,139222,46,673,302326,2.62,1006,286,67.2,60.3,55.4,33.5,78.0
2025-03-01,United Kingdom,COVID-19 (SARS-CoV-2),7025,146247,46,719,298476,2.35,1076,307,69.7,50.0,55.7,29.2,69.4
2025-03-02,United Kingdom,COVID-19 (SARS-CoV-2),5810,152057,39,758,289541,2.01,1155,323,71.5,45.6,56.0,28.6,73.5
2025-03-03,United Kingdom,COVID-19 (SARS-CoV-2),8072,160129,65,823,303791,2.66,1226,332,64.7,63.0,56.3,29.9,70.1
2025-03-04,United Kingdom,COVID-19 (SARS-CoV-2),7702,167831,67,890,302190,2.55,1267,353,69.0,53.8,56.6,31.0,72.0
2025-03-05,United Kingdom,COVID-19 (SARS-CoV-2),7716,175547,63,953,302635,2.55,1315,373,65.6,61.2,56.9,31.5,72.9
2025-03-06,United Kingdom,COVID-19 (SARS-CoV-2),8757,184304,77,1030,306815,2.85,1355,390,64.7,63.4,57.2,30.8,72.7
2025-03-07,United Kingdom,COVID-19 (SARS-CoV-2),9043,193347,66,1096,309397,2.92,1349,409,62.8,61.1,57.5,31.7,72.7
2025-03-08,United Kingdom,COVID-19 (SARS-CoV-2),6966,200313,55,1151,296795,2.35,1390,432,70.3,53.7,57.8,29.4,76.1
2025-03-09,United Kingdom,COVID-19 (SARS-CoV-2),6544,206857,68,1219,294084,2.23,1440,451,71.1,52.5,58.2,33.5,72.4
2025-03-10,United Kingdom,COVID-19 (SARS-CoV-2),8424,215281,91,1310,307783,2.74,1492,453,67.5,61.4,58.5,31.3,70.0
2025-03-11,United Kingdom,COVID-19 (SARS-CoV-2),7841,223122,86,1396,302924,2.59,1520,467,66.0,51.7,58.8,33.1,73.4
2025-03-12,United Kingdom,COVID-19 (SARS-CoV-2),8218,231340,95,1491,303521,2.71,1549,481,65.5,56.2,59.2,32.0,73.8
2025-03-13,United Kingdom,COVID-19 (SARS-CoV-2),8638,239978,90,1581,308219,2.8,1548,490,62.9,59.9,59.5,32.2,66.3
2025-03-14,United Kingdom,COVID-19 (SARS-CoV-2),7735,247713,104,1685,304006,2.54,1529,505,66.4,55.7,59.9,32.4,71.6
2025-03-15,United Kingdom,COVID-19 (SARS-CoV-2),6945,254658,85,1770,298176,2.33,1540,526,70.2,53.6,60.2,32.3,71.6
2025-03-16,United Kingdom,COVID-19 (SARS-CoV-2),4620,259278,81,1851,281674,1.64,1556,536,77.1,39.9,60.6,32.6,68.4
2025-03-17,United Kingdom,COVID-19 (SARS-CoV-2),7521,266799,110,1961,300115,2.51,1605,531,66.0,50.7,60.9,33.7,73.2
2025-03-18,United Kingdom,COVID-19 (SARS-CoV-2),6977,273776,91,2052,298602,2.34,1616,536,71.1,53.0,61.3,32.0,68.3
2025-03-19,United Kingdom,COVID-19 (SARS-CoV-2),6581,280357,100,2152,294252,2.24,1617,540,73.1,51.6,61.6,32.8,68.9
2025-03-20,United Kingdom,COVID-19 (SARS-CoV-2),6485,286842,111,2263,294827,2.2,1601,544,71.5,50.9,62.0,31.7,67.8
2025-03-21,United Kingdom,COVID-19 (SARS-CoV-2),5451,292293,120,2383,288954,1.89,1518,548,77.2,47.0,62.3,34.0,68.1
2025-03-22,United Kingdom,COVID-19 (SARS-CoV-2),4898,297191,77,2460,283935,1.73,1487,552,73.3,43.4,62.7,30.8,64.5
2025-03-23,United Kingdom,COVID-19 (SARS-CoV-2),4287,301478,83,2543,281136,1.52,1487,558,74.0,39.0,63.0,34.6,63.2
2025-03-24,United Kingdom,COVID-19 (SARS-CoV-2),5851,307329,110,2653,287338,2.04,1488,539,68.8,45.7,63.4,31.8,72.0
2025-03-25,United Kingdom,COVID-19 (SARS-CoV-2),4940,312269,81,2734,284089,1.74,1449,538,77.8,36.1,63.7,29.8,64.5
2025-03-26,United Kingdom,COVID-19 (SARS-CoV-2),4589,316858,89,2823,282755,1.62,1400,534,77.0,40.5,64.1,32.1,63.8
2025-03-27,United Kingdom,COVID-19 (SARS-CoV-2),4414,321272,87,2910,280710,1.57,1333,523,76.1,38.9,64.4,30.9,60.0
2025-03-28,United Kingdom,COVID-19 (SARS-CoV-2),4519,325791,91,3001,284220,1.59,1245,509,76.5,39.7,64.8,33.2,64.3
2025-03-29,United Kingdom,COVID-19 (SARS-CoV-2),3438,329229,88,3089,274671,1.25,1207,500,76.5,29.3,65.1,31.0,62.0
2025-03-30,United Kingdom,COVID-19 (SARS-CoV-2),2712,331941,62,3151,271305,1.0,1166,491,85.6,26.1,65.4,31.3,70.6
2025-03-31,United Kingdom,COVID-19 (SARS-CoV-2),3637,335578,91,3242,277426,1.31,1165,469,78.5,37.4,65.8,29.2,68.5
2025-04-01,United Kingdom,COVID-19 (SARS-CoV-2),3317,338895,95,3337,276817,1.2,1103,458,79.3,32.4,66.1,31.3,63.1
2025-04-02,United Kingdom,COVID-19 (SARS-CoV-2),3259,342154,70,3407,273592,1.19,1053,440,80.7,34.3,66.5,28.4,71.7
2025-04-03,United Kingdom,COVID-19 (SARS-CoV-2),2756,344910,67,3474,273173,1.01,989,418,81.6,29.6,66.8,29.6,67.6
2025-04-04,United Kingdom,COVID-19 (SARS-CoV-2),2637,347547,65,3539,271306,0.97,913,400,81.4,29.0,67.1,33.1,63.4
2025-04-05,United Kingdom,COVID-19 (SARS-CoV-2),2063,349610,61,3600,266870,0.77,876,387,80.9,28.7,67.4,33.2,56.7
2025-04-06,United Kingdom,COVID-19 (SARS-CoV-2),1606,351216,51,3651,265572,0.6,844,380,84.6,21.9,67.8,32.6,70.8
2025-04-07,United Kingdom,COVID-19 (SARS-CoV-2),2279,353495,59,3710,269347,0.85,823,354,85.7,27.3,68.1,30.5,59.5
2025-04-08,United Kingdom,COVID-19 (SARS-CoV-2),2164,355659,59,3769,267857,0.81,761,336,84.9,25.0,68.4,31.9,58.4
2025-04-09,United Kingdom,COVID-19 (SARS-CoV-2),2046,357705,49,3818,267819,0.76,714,318,85.7,24.5,68.7,31.9,66.2
2025-04-10,United Kingdom,COVID-19 (SARS-CoV-2),1956,359661,56,3874,266824,0.73,663,301,81.7,24.4,69.0,30.2,70.2
2025-04-11,United Kingdom,COVID-19 (SARS-CoV-2),1783,361444,56,3930,266285,0.67,606,286,81.2,25.1,69.3,34.2,66.8
2025-04-12,United Kingdom,COVID-19 (SARS-CoV-2),1585,363029,38,3968,265646,0.6,561,274,83.5,21.9,69.6,33.2,64.0
2025-04-13,United Kingdom,COVID-19 (SARS-CoV-2),1426,364455,31,3999,265616,0.54,535,262,84.3,26.3,69.9,31.5,63.9
2025-04-14,United Kingdom,COVID-19 (SARS-CoV-2),1914,366369,40,4039,265720,0.72,521,238,85.1,22.4,70.2,31.9,64.4
2025-04-15,United Kingdom,COVID-19 (SARS-CoV-2),2072,368441,40,4079,270039,0.77,487,224,79.1,25.4,70.5,32.1,63.9
2025-04-16,United Kingdom,COVID-19 (SARS-CoV-2),2260,370701,42,4121,267081,0.85,456,211,85.0,25.6,70.7,28.7,62.2
2025-04-17,United Kingdom,COVID-19 (SARS-CoV-2),2620,373321,30,4151,271042,0.97,422,198,80.7,33.2,71.0,31.4,61.4
2025-04-18,United Kingdom,COVID-19 (SARS-CoV-2),2562,375883,33,4184,271434,0.94,395,184,80.3,29.1,71.3,30.7,60.6
2025-04-19,United Kingdom,COVID-19 (SARS-CoV-2),2343,378226,24,4208,269812,0.87,381,175,79.7,30.5,71.5,30.1,58.3
2025-04-20,United Kingdom,COVID-19 (SARS-CoV-2),2223,380449,18,4226,268189,0.83,381,169,78.7,22.3,71.8,31.2,59.5
2025-04-21,United Kingdom,COVID-19 (SARS-CoV-2),2915,383364,27,4253,272755,1.07,394,157,81.8,31.2,72.1,34.3,55.0
2025-04-22,United Kingdom,COVID-19 (SARS-CoV-2),3612,386976,24,4277,276652,1.31,401,149,78.5,36.8,72.3,32.5,59.6
2025-04-23,United Kingdom,COVID-19 (SARS-CoV-2),3991,390967,23,4300,278830,1.43,409,143,74.7,36.3,72.5,30.6,56.6
2025-04-24,United Kingdom,COVID-19 (SARS-CoV-2),5014,395981,21,4321,286407,1.75,415,140,72.0,44.7,72.8,32.3,56.1
2025-04-25,United Kingdom,COVID-19 (SARS-CoV-2),4737,400718,25,4346,284253,1.67,420,140,74.6,38.5,73.0,33.5,59.7
2025-04-26,United Kingdom,COVID-19 (SARS-CoV-2),4476,405194,19,4365,281637,1.59,443,143,79.4,42.9,73.2,32.7,63.1
2025-04-27,United Kingdom,COVID-19 (SARS-CoV-2),4244,409438,16,4381,281837,1.51,484,147,76.1,44.3,73.4,31.3,61.4
2025-04-28,United Kingdom,COVID-19 (SARS-CoV-2),5791,415229,23,4404,290527,1.99,536,146,69.5,44.5,73.6,30.2,53.7
2025-04-29,United Kingdom,COVID-19 (SARS-CoV-2),7212,422441,25,4429,299558,2.41,599,150,68.2,51.8,73.9,32.2,55.2
2025-04-30,United Kingdom,COVID-19 (SARS-CoV-2),7615,430056,27,4456,301793,2.52,653,159,67.1,59.6,74.1,31.7,60.8
2025-05-01,United Kingdom,COVID-19 (SARS-CoV-2),8203,438259,33,4489,303863,2.7,698,170,60.6,63.1,74.3,32.3,54.8
2025-05-02,United Kingdom,COVID-19 (SARS-CoV-2),7923,446182,33,4522,302451,2.62,731,188,66.7,55.3,74.4,31.9,56.8
2025-05-03,United Kingdom,COVID-19 (SARS-CoV-2),8111,454293,27,4549,304887,2.66,796,205,65.8,56.6,74.6,32.4,58.9
2025-05-04,United Kingdom,COVID-19 (SARS-CoV-2),6439,460732,25,4574,294718,2.18,895,221,72.2,48.2,74.8,30.0,54.1
2025-05-05,United Kingdom,COVID-19 (SARS-CoV-2),10337,471069,34,4608,317475,3.26,1004,234,64.0,65.6,75.0,32.7,57.1
2025-05-06,United Kingdom,COVID-19 (SARS-CoV-2),11864,482933,35,4643,326775,3.63,1111,254,58.5,74.9,75.2,30.9,52.6
2025-05-07,United Kingdom,COVID-19 (SARS-CoV-2),10305,493238,42,4685,318581,3.23,1198,281,59.9,66.4,75.3,33.7,54.6
2025-05-08,United Kingdom,COVID-19 (SARS-CoV-2),11005,504243,67,4752,320912,3.43,1282,308,56.3,70.9,75.5,29.4,57.2
2025-05-09,United Kingdom,COVID-19 (SARS-CoV-2),11856,516099,64,4816,327157,3.62,1311,339,61.4,77.5,75.6,33.0,51.2
2025-05-10,United Kingdom,COVID-19 (SARS-CoV-2),9861,525960,53,4869,314437,3.14,1424,370,61.7,67.8,75.8,30.6,57.1
2025-05-11,United Kingdom,COVID-19 (SARS-CoV-2),8372,534332,53,4922,305488,2.74,1574,402,65.6,63.9,75.9,29.2,55.5
2025-05-12,United Kingdom,COVID-19 (SARS-CoV-2),12716,547048,71,4993,332868,3.82,1696,421,53.9,79.2,76.1,29.4,57.0
2025-05-13,United Kingdom,COVID-19 (SARS-CoV-2),12022,559070,108,5101,328431,3.66,1802,457,56.2,81.5,76.2,29.6,55.8
2025-05-14,United Kingdom,COVID-19 (SARS-CoV-2),13323,572393,100,5201,336225,3.96,1896,500,52.0,84.8,76.3,30.6,59.1
2025-05-15,United Kingdom,COVID-19 (SARS-CoV-2),12286,584679,97,5298,330495,3.72,1942,529,54.0,79.8,76.5,30.6,55.2
2025-05-16,United Kingdom,COVID-19 (SARS-CoV-2),14193,598872,88,5386,340653,4.17,1945,563,48.9,92.0,76.6,28.9,53.3
2025-05-17,United Kingdom,COVID-19 (SARS-CoV-2),10305,609177,85,5471,317985,3.24,2042,603,60.3,66.1,76.7,29.6,54.8
2025-05-18,United Kingdom,COVID-19 (SARS-CoV-2),9292,618469,79,5550,310915,2.99,2121,634,62.0,65.2,76.8,32.8,55.9
2025-05-19,United Kingdom,COVID-19 (SARS-CoV-2),13158,631627,117,5667,334746,3.93,2261,648,51.3,85.0,77.0,32.1,54.2
2025-05-20,United Kingdom,COVID-19 (SARS-CoV-2),11370,642997,126,5793,323563,3.51,2300,678,57.8,76.6,77.1,30.0,54.0
2025-05-21,United Kingdom,COVID-19 (SARS-CoV-2),12116,655113,117,5910,328266,3.69,2347,702,55.1,79.9,77.2,29.3,51.6
2025-05-22,United Kingdom,COVID-19 (SARS-CoV-2),12486,667599,121,6031,330985,3.77,2347,730,57.6,88.3,77.3,29.3,51.5
2025-05-23,United Kingdom,COVID-19 (SARS-CoV-2),10083,677682,161,6192,315153,3.2,2313,754,55.7,66.4,77.4,30.0,49.2
2025-05-24,United Kingdom,COVID-19 (SARS-CoV-2),9067,686749,127,6319,311968,2.91,2339,787,65.9,61.3,77.5,27.4,58.5
2025-05-25,United Kingdom,COVID-19 (SARS-CoV-2),7702,694451,100,6419,300679,2.56,2369,808,69.9,53.8,77.6,28.4,49.3
2025-05-26,United Kingdom,COVID-19 (SARS-CoV-2),10146,704597,171,6590,315135,3.22,2445,802,56.7,66.9,77.7,26.2,50.8
2025-05-27,United Kingdom,COVID-19 (SARS-CoV-2),8474,713071,145,6735,307476,2.76,2441,809,64.6,57.9,77.7,29.2,50.6
2025-05-28,United Kingdom,COVID-19 (SARS-CoV-2),7921,720992,149,6884,303791,2.61,2401,815,66.0,60.4,77.8,29.5,55.3
2025-05-29,United Kingdom,COVID-19 (SARS-CoV-2),8296,729288,165,7049,305874,2.71,2315,821,63.0,63.1,77.9,27.7,51.6
2025-05-30,United Kingdom,COVID-19 (SARS-CoV-2),7618,736906,178,7227,301810,2.52,2222,824,66.0,53.5,78.0,30.6,56.1
2025-05-31,United Kingdom,COVID-19 (SARS-CoV-2),5895,742801,113,7340,290831,2.03,2140,826,70.0,43.7,78.1,26.3,50.2
2025-06-01,United Kingdom,COVID-19 (SARS-CoV-2),4841,747642,110,7450,283622,1.71,2103,829,78.5,42.0,78.1,25.8,52.9
2025-06-02,United Kingdom,COVID-19 (SARS-CoV-2),5614,753256,147,7597,289233,1.94,2076,802,74.8,43.0,78.2,28.2,49.4
2025-06-03,United Kingdom,COVID-19 (SARS-CoV-2),5415,758671,121,7718,287286,1.88,1977,792,76.0,45.5,78.3,29.4,58.2
2025-06-04,United Kingdom,COVID-19 (SARS-CoV-2),4935,763606,156,7874,286059,1.73,1901,765,76.2,41.7,78.3,30.2,48.1
2025-06-05,United Kingdom,COVID-19 (SARS-CoV-2),4195,767801,173,8047,280496,1.5,1775,742,74.5,32.6,78.4,26.9,52.5
2025-06-06,United Kingdom,COVID-19 (SARS-CoV-2),4385,772186,107,8154,280958,1.56,1620,710,75.2,42.8,78.5,29.0,53.3
2025-06-07,United Kingdom,COVID-19 (SARS-CoV-2),3044,775230,114,8268,273416,1.11,1530,695,80.8,36.5,78.5,27.2,52.6
2025-06-08,United Kingdom,COVID-19 (SARS-CoV-2),2173,777403,88,8356,268924,0.81,1456,676,79.7,24.6,78.6,26.9,50.7
2025-06-09,United Kingdom,COVID-19 (SARS-CoV-2),2908,780311,117,8473,272358,1.07,1400,631,81.6,29.2,78.6,28.4,50.7
2025-06-10,United Kingdom,COVID-19 (SARS-CoV-2),2331,782642,97,8570,268637,0.87,1279,600,81.3,28.2,78.7,27.9,51.2
2025-06-11,United Kingdom,COVID-19 (SARS-CoV-2),2286,784928,88,8658,269433,0.85,1197,563,81.1,28.1,78.7,24.4,50.5
2025-06-12,United Kingdom,COVID-19 (SARS-CoV-2),2052,786980,100,8758,268030,0.77,1098,522,83.9,27.8,78.8,28.9,53.7
2025-06-13,United Kingdom,COVID-19 (SARS-CoV-2),1599,788579,85,8843,264561,0.6,974,490,84.6,29.5,78.8,28.6,57.4
2025-06-14,United Kingdom,COVID-19 (SARS-CoV-2),1304,789883,72,8915,262826,0.5,878,465,83.8,21.4,78.9,25.4,49.0
2025-06-15,United Kingdom,COVID-19 (SARS-CoV-2),979,790862,58,8973,261580,0.37,806,439,87.7,17.8,78.9,26.8,46.5
2025-06-16,United Kingdom,COVID-19 (SARS-CoV-2),1179,792041,66,9039,261099,0.45,755,396,82.7,17.1,79.0,26.9,50.3
2025-06-17,United Kingdom,COVID-19 (SARS-CoV-2),1094,793135,60,9099,260630,0.42,682,366,86.3,18.6,79.0,26.4,58.2
2025-06-18,United Kingdom,COVID-19 (SARS-CoV-2),847,793982,56,9155,259837,0.33,605,335,86.9,19.4,79.0,25.0,48.0
2025-06-19,United Kingdom,COVID-19 (SARS-CoV-2),722,794704,53,9208,259592,0.28,532,302,85.4,24.2,79.1,24.7,55.3
2025-06-20,United Kingdom,COVID-19 (SARS-CoV-2),632,795336,55,9263,259576,0.24,466,272,87.0,16.8,79.1,25.5,55.3
2025-06-21,United Kingdom,COVID-19 (SARS-CoV-2),474,795810,34,9297,259793,0.18,402,249,84.2,18.2,79.1,27.2,48.6
2025-06-22,United Kingdom,COVID-19 (SARS-CoV-2),394,796204,26,9323,258695,0.15,362,230,88.8,17.0,79.2,26.1,51.9
2025-06-23,United Kingdom,COVID-19 (SARS-CoV-2),493,796697,37,9360,258272,0.19,335,204,86.3,21.2,79.2,24.6,55.0
2025-06-24,United Kingdom,COVID-19 (SARS-CoV-2),451,797148,24,9384,258160,0.17,291,181,85.7,25.0,79.2,26.2,49.0
2025-06-25,United Kingdom,COVID-19 (SARS-CoV-2),432,797580,29,9413,257063,0.17,257,160,88.9,15.7,79.3,20.6,49.5
2025-06-26,United Kingdom,COVID-19 (SARS-CoV-2),388,797968,23,9436,257783,0.15,220,142,85.6,15.6,79.3,26.5,48.3
2025-06-27,United Kingdom,COVID-19 (SARS-CoV-2),401,798369,20,9456,257591,0.16,186,122,84.1,20.3,79.3,22.0,47.0
2025-06-28,United Kingdom,COVID-19 (SARS-CoV-2),294,798663,15,9471,257560,0.11,164,109,84.1,18.6,79.3,23.9,48.1
2025-06-29,United Kingdom,COVID-19 (SARS-CoV-2),300,798963,10,9481,256446,0.12,147,100,88.4,22.1,79.4,22.7,46.3
2025-01-01,United Kingdom,Dengue Virus (DEN-1-4),296,296,0,0,257875,0.11,0,0,84.0,12.7,46.4,24.9,76.1
2025-01-02,United Kingdom,Dengue Virus (DEN-1-4),297,593,0,0,256398,0.12,0,0,87.3,21.8,46.4,23.6,83.5
2025-01-03,United Kingdom,Dengue Virus (DEN-1-4),324,917,0,0,256347,0.13,0,0,87.7,10.5,46.5,25.2,78.6
2025-01-04,United Kingdom,Dengue Virus (DEN-1-4),297,1214,0,0,257738,0.12,0,0,85.4,21.7,46.5,26.1,81.0
2025-01-05,United Kingdom,Dengue Virus (DEN-1-4),248,1462,0,0,256738,0.1,0,0,88.6,16.9,46.6,25.8,79.8
2025-01-06,United Kingdom,Dengue Virus (DEN-1-4),348,1810,0,0,258276,0.13,8,0,83.7,16.5,46.7,25.5,81.4
2025-01-07,United Kingdom,Dengue Virus (DEN-1-4),402,2212,0,0,258359,0.16,17,0,86.8,15.5,46.7,26.4,80.1
2025-01-08,United Kingdom,Dengue Virus (DEN-1-4),400,2612,0,0,257801,0.16,26,0,84.5,18.3,46.8,26.7,76.0
2025-01-09,United Kingdom,Dengue Virus (DEN-1-4),386,2998,0,0,256943,0.15,35,1,85.7,16.9,46.9,27.2,82.8
2025-01-10,United Kingdom,Dengue Virus (DEN-1-4),427,3425,0,0,256521,0.17,42,3,87.0,20.6,46.9,26.2,78.3
2025-01-11,United Kingdom,Dengue Virus (DEN-1-4),351,3776,0,0,257133,0.14,52,4,85.3,17.2,47.0,25.1,75.1
2025-01-12,United Kingdom,Dengue Virus (DEN-1-4),324,4100,0,0,258274,0.13,64,6,86.4,17.2,47.1,25.7,78.4
2025-01-13,United Kingdom,Dengue Virus (DEN-1-4),476,4576,0,0,258544,0.18,76,7,88.7,16.4,47.2,27.5,84.2
2025-01-14,United Kingdom,Dengue Virus (DEN-1-4),434,5010,0,0,256832,0.17,87,9,85.7,17.1,47.3,24.6,82.2
2025-01-15,United Kingdom,Dengue Virus (DEN-1-4),460,5470,2,2,258407,0.18,100,11,88.4,18.4,47.3,26.5,78.5
2025-01-16,United Kingdom,Dengue Virus (DEN-1-4),521,5991,3,5,258985,0.2,101,14,84.3,12.6,47.4,25.5,78.4
2025-01-17,United Kingdom,Dengue Virus (DEN-1-4),532,6523,3,8,257782,0.21,102,16,87.6,13.8,47.5,26.2,78.5
2025-01-18,United Kingdom,Dengue Virus (DEN-1-4),510,7033,2,10,258687,0.2,107,18,89.5,19.9,47.6,28.2,85.6
2025-01-19,United Kingdom,Dengue Virus (DEN-1-4),444,7477,2,12,258196,0.17,111,20,81.9,17.9,47.7,26.7,80.4
2025-01-20,United Kingdom,Dengue Virus (DEN-1-4),613,8090,3,15,258009,0.24,117,21,84.8,17.7,47.8,26.7,80.5
2025-01-21,United Kingdom,Dengue Virus (DEN-1-4),776,8866,3,18,260487,0.3,122,24,87.1,19.2,47.9,24.7,82.2
2025-01-22,United Kingdom,Dengue Virus (DEN-1-4),750,9616,3,21,260534,0.29,126,25,85.6,20.0,48.0,28.0,79.7
2025-01-23,United Kingdom,Dengue Virus (DEN-1-4),817,10433,3,24,261459,0.31,129,26,86.6,17.7,48.1,27.9,78.1
2025-01-24,United Kingdom,Dengue Virus (DEN-1-4),798,11231,3,27,261315,0.31,131,27,84.7,16.9,48.3,30.3,78.2
2025-01-25,United Kingdom,Dengue Virus (DEN-1-4),761,11992,3,30,258662,0.29,136,28,86.1,19.6,48.4,26.8,78.5
2025-01-26,United Kingdom,Dengue Virus (DEN-1-4),757,12749,3,33,259078,0.29,148,29,85.7,16.1,48.5,27.7,78.5
2025-01-27,United Kingdom,Dengue Virus (DEN-1-4),1018,13767,4,37,262097,0.39,161,30,87.6,21.6,48.6,27.9,80.7
2025-01-28,United Kingdom,Dengue Virus (DEN-1-4),1210,14977,4,41,263247,0.46,171,31,85.3,16.3,48.8,30.0,78.5
2025-01-29,United Kingdom,Dengue Virus (DEN-1-4),1236,16213,4,45,263405,0.47,181,33,85.4,24.6,48.9,27.6,80.5
2025-01-30,United Kingdom,Dengue Virus (DEN-1-4),1367,17580,4,49,267528,0.51,190,35,83.5,23.6,49.1,28.3,77.9
2025-01-31,United Kingdom,Dengue Virus (DEN-1-4),1455,19035,5,54,264774,0.55,197,37,83.1,23.5,49.2,28.9,78.3
2025-02-01,United Kingdom,Dengue Virus (DEN-1-4),1526,20561,4,58,265765,0.57,211,39,83.0,26.0,49.3,28.4,71.9
2025-02-02,United Kingdom,Dengue Virus (DEN-1-4),1321,21882,4,62,264354,0.5,232,42,85.3,27.0,49.5,27.5,80.5
2025-02-03,United Kingdom,Dengue Virus (DEN-1-4),1808,23690,5,67,266973,0.68,255,43,82.3,27.6,49.7,28.6,78.7
2025-02-04,United Kingdom,Dengue Virus (DEN-1-4),2197,25887,6,73,268340,0.82,277,46,82.7,21.1,49.8,30.1,80.5
2025-02-05,United Kingdom,Dengue Virus (DEN-1-4),2103,27990,6,79,268850,0.78,297,50,86.5,22.3,50.0,27.0,68.6
2025-02-06,United Kingdom,Dengue Virus (DEN-1-4),2486,30476,5,84,269617,0.92,320,54,83.1,26.3,50.2,28.9,83.4
2025-02-07,United Kingdom,Dengue Virus (DEN-1-4),2341,32817,6,90,269283,0.87,334,59,81.1,27.4,50.4,27.7,76.6
2025-02-08,United Kingdom,Dengue Virus (DEN-1-4),2207,35024,6,96,268230,0.82,364,64,84.5,28.2,50.5,30.7,80.2
2025-02-09,United Kingdom,Dengue Virus (DEN-1-4),2316,37340,6,102,269451,0.86,406,70,81.0,25.1,50.7,26.7,73.6
2025-02-10,United Kingdom,Dengue Virus (DEN-1-4),3459,40799,8,110,278542,1.24,445,73,74.7,33.8,50.9,28.3,78.4
2025-02-11,United Kingdom,Dengue Virus (DEN-1-4),3588,44387,11,121,275134,1.3,488,79,76.4,31.7,51.1,29.8,73.2
2025-02-12,United Kingdom,Dengue Virus (DEN-1-4),3774,48161,11,132,278804,1.35,521,87,74.2,33.1,51.3,31.7,74.3
2025-02-13,United Kingdom,Dengue Virus (DEN-1-4),3983,52144,10,142,277759,1.43,550,94,76.6,31.8,51.5,29.3,81.8
2025-02-14,United Kingdom,Dengue Virus (DEN-1-4),3936,56080,11,153,278618,1.41,577,103,77.5,33.0,51.8,28.7,75.3
2025-02-15,United Kingdom,Dengue Virus (DEN-1-4),3678,59758,13,166,278630,1.32,636,111,81.5,30.4,52.0,32.4,76.3
2025-02-16,United Kingdom,Dengue Virus (DEN-1-4),3510,63268,9,175,276598,1.27,696,119,79.3,30.6,52.2,27.5,78.1
2025-02-17,United Kingdom,Dengue Virus (DEN-1-4),5459,68727,17,192,287150,1.9,768,126,72.9,47.0,52.4,26.5,76.8
2025-02-18,United Kingdom,Dengue Virus (DEN-1-4),5519,74246,19,211,287872,1.92,832,138,74.9,41.3,52.7,30.6,75.6
2025-02-19,United Kingdom,Dengue Virus (DEN-1-4),5080,79326,16,227,286633,1.77,883,151,70.0,49.7,52.9,29.2,76.0
2025-02-20,United Kingdom,Dengue Virus (DEN-1-4),6067,85393,17,244,291145,2.08,929,163,72.2,48.5,53.2,28.6,81.9
2025-02-21,United Kingdom,Dengue Virus (DEN-1-4),6073,91466,21,265,292128,2.08,959,177,73.3,47.6,53.4,31.2,74.4
2025-02-22,United Kingdom,Dengue Virus (DEN-1-4),5206,96672,17,282,286755,1.82,1050,190,71.1,39.9,53.7,30.6,74.9
2025-02-23,United Kingdom,Dengue Virus (DEN-1-4),5178,101850,20,302,285890,1.81,1147,203,76.4,44.5,54.0,29.5,77.3
2025-02-24,United Kingdom,Dengue Virus (DEN-1-4),7392,109242,24,326,301969,2.45,1228,212,68.9,52.3,54.2,28.5,77.2
2025-02-25,United Kingdom,Dengue Virus (DEN-1-4),7588,116830,27,353,301635,2.52,1304,229,66.9,55.5,54.5,31.8,77.3
2025-02-26,United Kingdom,Dengue Virus (DEN-1-4),7024,123854,30,383,295592,2.38,1377,248,70.5,59.8,54.8,31.6,75.4
2025-02-27,United Kingdom,Dengue Virus (DEN-1-4),7449,131303,32,415,300354,2.48,1418,261,72.6,54.1,55.1,30.5,69.8
2025-02-28,United Kingdom,Dengue Virus (DEN-1-4),7919,139222,30,445,302326,2.62,1453,281,67.2,60.3,55.4,33.5,78.0
2025-03-01,United Kingdom,Dengue Virus (DEN-1-4),7025,146247,31,476,298476,2.35,1554,302,69.7,50.0,55.7,29.2,69.4
2025-03-02,United Kingdom,Dengue Virus (DEN-1-4),5810,152057,26,502,289541,2.01,1669,318,71.5,45.6,56.0,28.6,73.5
2025-03-03,United Kingdom,Dengue Virus (DEN-1-4),8072,160129,43,545,303791,2.66,1772,327,64.7,63.0,56.3,29.9,70.1
2025-03-04,United Kingdom,Dengue Virus (DEN-1-4),7702,167831,45,590,302190,2.55,1830,347,69.0,53.8,56.6,31.0,72.0
2025-03-05,United Kingdom,Dengue Virus (DEN-1-4),7716,175547,42,632,302635,2.55,1900,368,65.6,61.2,56.9,31.5,72.9
2025-03-06,United Kingdom,Dengue Virus (DEN-1-4),8757,184304,51,683,306815,2.85,1957,384,64.7,63.4,57.2,30.8,72.7
2025-03-07,United Kingdom,Dengue Virus (DEN-1-4),9043,193347,44,727,309397,2.92,1949,403,62.8,61.1,57.5,31.7,72.7
2025-03-08,United Kingdom,Dengue Virus (DEN-1-4),6966,200313,37,764,296795,2.35,2008,426,70.3,53.7,57.8,29.4,76.1
2025-03-09,United Kingdom,Dengue Virus (DEN-1-4),6544,206857,46,810,294084,2.23,2081,444,71.1,52.5,58.2,33.5,72.4
2025-03-10,United Kingdom,Dengue Virus (DEN-1-4),8424,215281,61,871,307783,2.74,2155,446,67.5,61.4,58.5,31.3,70.0
2025-03-11,United Kingdom,Dengue Virus (DEN-1-4),7841,223122,57,928,302924,2.59,2195,460,66.0,51.7,58.8,33.1,73.4
2025-03-12,United Kingdom,Dengue Virus (DEN-1-4),8218,231340,63,991,303521,2.71,2238,474,65.5,56.2,59.2,32.0,73.8
2025-03-13,United Kingdom,Dengue Virus (DEN-1-4),8638,239978,60,1051,308219,2.8,2236,483,62.9,59.9,59.5,32.2,66.3
2025-03-14,United Kingdom,Dengue Virus (DEN-1-4),7735,247713,69,1120,304006,2.54,2209,497,66.4,55.7,59.9,32.4,71.6
2025-03-15,United Kingdom,Dengue Virus (DEN-1-4),6945,254658,57,1177,298176,2.33,2224,518,70.2,53.6,60.2,32.3,71.6
2025-03-16,United Kingdom,Dengue Virus (DEN-1-4),4620,259278,54,1231,281674,1.64,2248,528,77.1,39.9,60.6,32.6,68.4
2025-03-17,United Kingdom,Dengue Virus (DEN-1-4),7521,266799,74,1305,300115,2.51,2319,523,66.0,50.7,60.9,33.7,73.2
2025-03-18,United Kingdom,Dengue Virus (DEN-1-4),6977,273776,60,1365,298602,2.34,2335,527,71.1,53.0,61.3,32.0,68.3
2025-03-19,United Kingdom,Dengue Virus (DEN-1-4),6581,280357,67,1432,294252,2.24,2336,532,73.1,51.6,61.6,32.8,68.9
2025-03-20,United Kingdom,Dengue Virus (DEN-1-4),6485,286842,74,1506,294827,2.2,2313,536,71.5,50.9,62.0,31.7,67.8
2025-03-21,United Kingdom,Dengue Virus (DEN-1-4),5451,292293,80,1586,288954,1.89,2192,540,77.2,47.0,62.3,34.0,68.1
2025-03-22,United Kingdom,Dengue Virus (DEN-1-4),4898,297191,51,1637,283935,1.73,2148,544,73.3,43.4,62.7,30.8,64.5
2025-03-23,United Kingdom,Dengue Virus (DEN-1-4),4287,301478,55,1692,281136,1.52,2148,550,74.0,39.0,63.0,34.6,63.2
2025-03-24,United Kingdom,Dengue Virus (DEN-1-4),5851,307329,73,1765,287338,2.04,2149,531,68.8,45.7,63.4,31.8,72.0
2025-03-25,United Kingdom,Dengue Virus (DEN-1-4),4940,312269,54,1819,284089,1.74,2093,530,77.8,36.1,63.7,29.8,64.5
2025-03-26,United Kingdom,Dengue Virus (DEN-1-4),4589,316858,60,1879,282755,1.62,2023,526,77.0,40.5,64.1,32.1,63.8
2025-03-27,United Kingdom,Dengue Virus (DEN-1-4),4414,321272,58,1937,280710,1.57,1926,515,76.1,38.9,64.4,30.9,60.0
2025-03-28,United Kingdom,Dengue Virus (DEN-1-4),4519,325791,61,1998,284220,1.59,1798,501,76.5,39.7,64.8,33.2,64.3
2025-03-29,United Kingdom,Dengue Virus (DEN-1-4),3438,329229,59,2057,274671,1.25,1743,493,76.5,29.3,65.1,31.0,62.0
2025-03-30,United Kingdom,Dengue Virus (DEN-1-4),2712,331941,41,2098,271305,1.0,1685,484,85.6,26.1,65.4,31.3,70.6
2025-03-31,United Kingdom,Dengue Virus (DEN-1-4),3637,335578,61,2159,277426,1.31,1684,462,78.5,37.4,65.8,29.2,68.5
2025-04-01,United Kingdom,Dengue Virus (DEN-1-4),3317,338895,63,2222,276817,1.2,1593,451,79.3,32.4,66.1,31.3,63.1
2025-04-02,United Kingdom,Dengue Virus (DEN-1-4),3259,342154,47,2269,273592,1.19,1521,433,80.7,34.3,66.5,28.4,71.7
2025-04-03,United Kingdom,Dengue Virus (DEN-1-4),2756,344910,45,2314,273173,1.01,1429,412,81.6,29.6,66.8,29.6,67.6
2025-04-04,United Kingdom,Dengue Virus (DEN-1-4),2637,347547,43,2357,271306,0.97,1319,394,81.4,29.0,67.1,33.1,63.4
2025-04-05,United Kingdom,Dengue Virus (DEN-1-4),2063,349610,40,2397,266870,0.77,1266,381,80.9,28.7,67.4,33.2,56.7
2025-04-06,United Kingdom,Dengue Virus (DEN-1-4),1606,351216,34,2431,265572,0.6,1219,375,84.6,21.9,67.8,32.6,70.8
2025-04-07,United Kingdom,Dengue Virus (DEN-1-4),2279,353495,39,2470,269347,0.85,1189,349,85.7,27.3,68.1,30.5,59.5
2025-04-08,United Kingdom,Dengue Virus (DEN-1-4),2164,355659,39,2509,267857,0.81,1099,331,84.9,25.0,68.4,31.9,58.4
2025-04-09,United Kingdom,Dengue Virus (DEN-1-4),2046,357705,33,2542,267819,0.76,1031,313,85.7,24.5,68.7,31.9,66.2
2025-04-10,United Kingdom,Dengue Virus (DEN-1-4),1956,359661,37,2579,266824,0.73,957,296,81.7,24.4,69.0,30.2,70.2
2025-04-11,United Kingdom,Dengue Virus (DEN-1-4),1783,361444,37,2616,266285,0.67,875,282,81.2,25.1,69.3,34.2,66.8
2025-04-12,United Kingdom,Dengue Virus (DEN-1-4),1585,363029,25,2641,265646,0.6,810,270,83.5,21.9,69.6,33.2,64.0
2025-04-13,United Kingdom,Dengue Virus (DEN-1-4),1426,364455,21,2662,265616,0.54,773,258,84.3,26.3,69.9,31.5,63.9
2025-04-14,United Kingdom,Dengue Virus (DEN-1-4),1914,366369,27,2689,265720,0.72,753,235,85.1,22.4,70.2,31.9,64.4
2025-04-15,United Kingdom,Dengue Virus (DEN-1-4),2072,368441,26,2715,270039,0.77,704,221,79.1,25.4,70.5,32.1,63.9
2025-04-16,United Kingdom,Dengue Virus (DEN-1-4),2260,370701,28,2743,267081,0.85,659,208,85.0,25.6,70.7,28.7,62.2
2025-04-17,United Kingdom,Dengue Virus (DEN-1-4),2620,373321,20,2763,271042,0.97,610,195,80.7,33.2,71.0,31.4,61.4
2025-04-18,United Kingdom,Dengue Virus (DEN-1-4),2562,375883,22,2785,271434,0.94,571,181,80.3,29.1,71.3,30.7,60.6
2025-04-19,United Kingdom,Dengue Virus (DEN-1-4),2343,378226,16,2801,269812,0.87,550,172,79.7,30.5,71.5,30.1,58.3
2025-04-20,United Kingdom,Dengue Virus (DEN-1-4),2223,380449,12,2813,268189,0.83,550,166,78.7,22.3,71.8,31.2,59.5
2025-04-21,United Kingdom,Dengue Virus (DEN-1-4),2915,383364,18,2831,272755,1.07,569,154,81.8,31.2,72.1,34.3,55.0
2025-04-22,United Kingdom,Dengue Virus (DEN-1-4),3612,386976,16,2847,276652,1.31,579,147,78.5,36.8,72.3,32.5,59.6
2025-04-23,United Kingdom,Dengue Virus (DEN-1-4),3991,390967,16,2863,278830,1.43,591,140,74.7,36.3,72.5,30.6,56.6
2025-04-24,United Kingdom,Dengue Virus (DEN-1-4),5014,395981,14,2877,286407,1.75,600,138,72.0,44.7,72.8,32.3,56.1
2025-04-25,United Kingdom,Dengue Virus (DEN-1-4),4737,400718,17,2894,284253,1.67,608,138,74.6,38.5,73.0,33.5,59.7
2025-04-26,United Kingdom,Dengue Virus (DEN-1-4),4476,405194,13,2907,281637,1.59,641,140,79.4,42.9,73.2,32.7,63.1
2025-04-27,United Kingdom,Dengue Virus (DEN-1-4),4244,409438,11,2918,281837,1.51,700,144,76.1,44.3,73.4,31.3,61.4
2025-04-28,United Kingdom,Dengue Virus (DEN-1-4),5791,415229,16,2934,290527,1.99,775,144,69.5,44.5,73.6,30.2,53.7
2025-04-29,United Kingdom,Dengue Virus (DEN-1-4),7212,422441,16,2950,299558,2.41,866,148,68.2,51.8,73.9,32.2,55.2
2025-04-30,United Kingdom,Dengue Virus (DEN-1-4),7615,430056,18,2968,301793,2.52,944,156,67.1,59.6,74.1,31.7,60.8
2025-05-01,United Kingdom,Dengue Virus (DEN-1-4),8203,438259,22,2990,303863,2.7,1008,167,60.6,63.1,74.3,32.3,54.8
2025-05-02,United Kingdom,Dengue Virus (DEN-1-4),7923,446182,22,3012,302451,2.62,1056,185,66.7,55.3,74.4,31.9,56.8
2025-05-03,United Kingdom,Dengue Virus (DEN-1-4),8111,454293,18,3030,304887,2.66,1150,202,65.8,56.6,74.6,32.4,58.9
2025-05-04,United Kingdom,Dengue Virus (DEN-1-4),6439,460732,17,3047,294718,2.18,1293,218,72.2,48.2,74.8,30.0,54.1
2025-05-05,United Kingdom,Dengue Virus (DEN-1-4),10337,471069,23,3070,317475,3.26,1451,230,64.0,65.6,75.0,32.7,57.1
2025-05-06,United Kingdom,Dengue Virus (DEN-1-4),11864,482933,24,3094,326775,3.63,1605,250,58.5,74.9,75.2,30.9,52.6
2025-05-07,United Kingdom,Dengue Virus (DEN-1-4),10305,493238,28,3122,318581,3.23,1731,277,59.9,66.4,75.3,33.7,54.6
2025-05-08,United Kingdom,Dengue Virus (DEN-1-4),11005,504243,44,3166,320912,3.43,1852,304,56.3,70.9,75.5,29.4,57.2
2025-05-09,United Kingdom,Dengue Virus (DEN-1-4),11856,516099,43,3209,327157,3.62,1893,334,61.4,77.5,75.6,33.0,51.2
2025-05-10,United Kingdom,Dengue Virus (DEN-1-4),9861,525960,35,3244,314437,3.14,2057,364,61.7,67.8,75.8,30.6,57.1
2025-05-11,United Kingdom,Dengue Virus (DEN-1-4),8372,534332,36,3280,305488,2.74,2273,395,65.6,63.9,75.9,29.2,55.5
2025-05-12,United Kingdom,Dengue Virus (DEN-1-4),12716,547048,47,3327,332868,3.82,2451,414,53.9,79.2,76.1,29.4,57.0
2025-05-13,United Kingdom,Dengue Virus (DEN-1-4),12022,559070,72,3399,328431,3.66,2603,450,56.2,81.5,76.2,29.6,55.8
2025-05-14,United Kingdom,Dengue Virus (DEN-1-4),13323,572393,66,3465,336225,3.96,2739,493,52.0,84.8,76.3,30.6,59.1
2025-05-15,United Kingdom,Dengue Virus (DEN-1-4),12286,584679,65,3530,330495,3.72,2805,521,54.0,79.8,76.5,30.6,55.2
2025-05-16,United Kingdom,Dengue Virus (DEN-1-4),14193,598872,59,3589,340653,4.17,2810,555,48.9,92.0,76.6,28.9,53.3
2025-05-17,United Kingdom,Dengue Virus (DEN-1-4),10305,609177,57,3646,317985,3.24,2950,594,60.3,66.1,76.7,29.6,54.8
2025-05-18,United Kingdom,Dengue Virus (DEN-1-4),9292,618469,52,3698,310915,2.99,3064,624,62.0,65.2,76.8,32.8,55.9
2025-05-19,United Kingdom,Dengue Virus (DEN-1-4),13158,631627,78,3776,334746,3.93,3266,638,51.3,85.0,77.0,32.1,54.2
2025-05-20,United Kingdom,Dengue Virus (DEN-1-4),11370,642997,84,3860,323563,3.51,3323,668,57.8,76.6,77.1,30.0,54.0
2025-05-21,United Kingdom,Dengue Virus (DEN-1-4),12116,655113,78,3938,328266,3.69,3391,691,55.1,79.9,77.2,29.3,51.6
2025-05-22,United Kingdom,Dengue Virus (DEN-1-4),12486,667599,80,4018,330985,3.77,3391,719,57.6,88.3,77.3,29.3,51.5
2025-05-23,United Kingdom,Dengue Virus (DEN-1-4),10083,677682,108,4126,315153,3.2,3341,742,55.7,66.4,77.4,30.0,49.2
2025-05-24,United Kingdom,Dengue Virus (DEN-1-4),9067,686749,84,4210,311968,2.91,3379,775,65.9,61.3,77.5,27.4,58.5
2025-05-25,United Kingdom,Dengue Virus (DEN-1-4),7702,694451,67,4277,300679,2.56,3423,796,69.9,53.8,77.6,28.4,49.3
2025-05-26,United Kingdom,Dengue Virus (DEN-1-4),10146,704597,114,4391,315135,3.22,3532,790,56.7,66.9,77.7,26.2,50.8
2025-05-27,United Kingdom,Dengue Virus (DEN-1-4),8474,713071,97,4488,307476,2.76,3526,797,64.6,57.9,77.7,29.2,50.6
2025-05-28,United Kingdom,Dengue Virus (DEN-1-4),7921,720992,99,4587,303791,2.61,3469,803,66.0,60.4,77.8,29.5,55.3
2025-05-29,United Kingdom,Dengue Virus (DEN-1-4),8296,729288,110,4697,305874,2.71,3344,809,63.0,63.1,77.9,27.7,51.6
2025-05-30,United Kingdom,Dengue Virus (DEN-1-4),7618,736906,118,4815,301810,2.52,3210,812,66.0,53.5,78.0,30.6,56.1
2025-05-31,United Kingdom,Dengue Virus (DEN-1-4),5895,742801,76,4891,290831,2.03,3092,813,70.0,43.7,78.1,26.3,50.2
2025-06-01,United Kingdom,Dengue Virus (DEN-1-4),4841,747642,73,4964,283622,1.71,3038,817,78.5,42.0,78.1,25.8,52.9
2025-06-02,United Kingdom,Dengue Virus (DEN-1-4),5614,753256,98,5062,289233,1.94,2998,790,74.8,43.0,78.2,28.2,49.4
2025-06-03,United Kingdom,Dengue Virus (DEN-1-4),5415,758671,81,5143,287286,1.88,2856,780,76.0,45.5,78.3,29.4,58.2
2025-06-04,United Kingdom,Dengue Virus (DEN-1-4),4935,763606,104,5247,286059,1.73,2746,754,76.2,41.7,78.3,30.2,48.1
2025-06-05,United Kingdom,Dengue Virus (DEN-1-4),4195,767801,115,5362,280496,1.5,2564,730,74.5,32.6,78.4,26.9,52.5
2025-06-06,United Kingdom,Dengue Virus (DEN-1-4),4385,772186,72,5434,280958,1.56,2341,699,75.2,42.8,78.5,29.0,53.3
2025-06-07,United Kingdom,Dengue Virus (DEN-1-4),3044,775230,76,5510,273416,1.11,2210,684,80.8,36.5,78.5,27.2,52.6
2025-06-08,United Kingdom,Dengue Virus (DEN-1-4),2173,777403,58,5568,268924,0.81,2103,666,79.7,24.6,78.6,26.9,50.7
2025-06-09,United Kingdom,Dengue Virus (DEN-1-4),2908,780311,78,5646,272358,1.07,2022,622,81.6,29.2,78.6,28.4,50.7
2025-06-10,United Kingdom,Dengue Virus (DEN-1-4),2331,782642,65,5711,268637,0.87,1848,591,81.3,28.2,78.7,27.9,51.2
2025-06-11,United Kingdom,Dengue Virus (DEN-1-4),2286,784928,59,5770,269433,0.85,1729,555,81.1,28.1,78.7,24.4,50.5
2025-06-12,United Kingdom,Dengue Virus (DEN-1-4),2052,786980,67,5837,268030,0.77,1586,514,83.9,27.8,78.8,28.9,53.7
2025-06-13,United Kingdom,Dengue Virus (DEN-1-4),1599,788579,57,5894,264561,0.6,1407,483,84.6,29.5,78.8,28.6,57.4
2025-06-14,United Kingdom,Dengue Virus (DEN-1-4),1304,789883,48,5942,262826,0.5,1269,458,83.8,21.4,78.9,25.4,49.0
2025-06-15,United Kingdom,Dengue Virus (DEN-1-4),979,790862,39,5981,261580,0.37,1165,433,87.7,17.8,78.9,26.8,46.5
2025-06-16,United Kingdom,Dengue Virus (DEN-1-4),1179,792041,44,6025,261099,0.45,1090,390,82.7,17.1,79.0,26.9,50.3
2025-06-17,United Kingdom,Dengue Virus (DEN-1-4),1094,793135,40,6065,260630,0.42,986,360,86.3,18.6,79.0,26.4,58.2
2025-06-18,United Kingdom,Dengue Virus (DEN-1-4),847,793982,38,6103,259837,0.33,874,330,86.9,19.4,79.0,25.0,48.0
2025-06-19,United Kingdom,Dengue Virus (DEN-1-4),722,794704,36,6139,259592,0.28,768,298,85.4,24.2,79.1,24.7,55.3
2025-06-20,United Kingdom,Dengue Virus (DEN-1-4),632,795336,36,6175,259576,0.24,674,268,87.0,16.8,79.1,25.5,55.3
2025-06-21,United Kingdom,Dengue Virus (DEN-1-4),474,795810,22,6197,259793,0.18,580,245,84.2,18.2,79.1,27.2,48.6
2025-06-22,United Kingdom,Dengue Virus (DEN-1-4),394,796204,18,6215,258695,0.15,523,226,88.8,17.0,79.2,26.1,51.9
2025-06-23,United Kingdom,Dengue Virus (DEN-1-4),493,796697,25,6240,258272,0.19,484,201,86.3,21.2,79.2,24.6,55.0
2025-06-24,United Kingdom,Dengue Virus (DEN-1-4),451,797148,16,6256,258160,0.17,420,178,85.7,25.0,79.2,26.2,49.0
2025-06-25,United Kingdom,Dengue Virus (DEN-1-4),432,797580,19,6275,257063,0.17,371,158,88.9,15.7,79.3,20.6,49.5
2025-06-26,United Kingdom,Dengue Virus (DEN-1-4),388,797968,16,6291,257783,0.15,318,140,85.6,15.6,79.3,26.5,48.3
2025-06-27,United Kingdom,Dengue Virus (DEN-1-4),401,798369,13,6304,257591,0.16,269,120,84.1,20.3,79.3,22.0,47.0
2025-06-28,United Kingdom,Dengue Virus (DEN-1-4),294,798663,10,6314,257560,0.11,237,107,84.1,18.6,79.3,23.9,48.1
2025-06-29,United Kingdom,Dengue Virus (DEN-1-4),300,798963,7,6321,256446,0.12,212,98,88.4,22.1,79.4,22.7,46.3
2025-01-01,United Kingdom,Novel Influenza (H5N1 Flu),296,296,0,0,257875,0.11,0,0,84.0,12.7,46.4,24.9,76.1
2025-01-02,United Kingdom,Novel Influenza (H5N1 Flu),297,593,0,0,256398,0.12,0,0,87.3,21.8,46.4,23.6,83.5
2025-01-03,United Kingdom,Novel Influenza (H5N1 Flu),324,917,0,0,256347,0.13,0,0,87.7,10.5,46.5,25.2,78.6
2025-01-04,United Kingdom,Novel Influenza (H5N1 Flu),297,1214,0,0,257738,0.12,0,0,85.4,21.7,46.5,26.1,81.0
2025-01-05,United Kingdom,Novel Influenza (H5N1 Flu),248,1462,0,0,256738,0.1,0,0,88.6,16.9,46.6,25.8,79.8
2025-01-06,United Kingdom,Novel Influenza (H5N1 Flu),348,1810,0,0,258276,0.13,9,0,83.7,16.5,46.7,25.5,81.4
2025-01-07,United Kingdom,Novel Influenza (H5N1 Flu),402,2212,0,0,258359,0.16,20,0,86.8,15.5,46.7,26.4,80.1
2025-01-08,United Kingdom,Novel Influenza (H5N1 Flu),400,2612,0,0,257801,0.16,30,0,84.5,18.3,46.8,26.7,76.0
2025-01-09,United Kingdom,Novel Influenza (H5N1 Flu),386,2998,0,0,256943,0.15,40,3,85.7,16.9,46.9,27.2,82.8
2025-01-10,United Kingdom,Novel Influenza (H5N1 Flu),427,3425,0,0,256521,0.17,49,6,87.0,20.6,46.9,26.2,78.3
2025-01-11,United Kingdom,Novel Influenza (H5N1 Flu),351,3776,0,0,257133,0.14,61,10,85.3,17.2,47.0,25.1,75.1
2025-01-12,United Kingdom,Novel Influenza (H5N1 Flu),324,4100,0,0,258274,0.13,74,14,86.4,17.2,47.1,25.7,78.4
2025-01-13,United Kingdom,Novel Influenza (H5N1 Flu),476,4576,0,0,258544,0.18,88,16,88.7,16.4,47.2,27.5,84.2
2025-01-14,United Kingdom,Novel Influenza (H5N1 Flu),434,5010,0,0,256832,0.17,101,20,85.7,17.1,47.3,24.6,82.2
2025-01-15,United Kingdom,Novel Influenza (H5N1 Flu),460,5470,8,8,258407,0.18,115,25,88.4,18.4,47.3,26.5,78.5
2025-01-16,United Kingdom,Novel Influenza (H5N1 Flu),521,5991,8,16,258985,0.2,117,30,84.3,12.6,47.4,25.5,78.4
2025-01-17,United Kingdom,Novel Influenza (H5N1 Flu),532,6523,8,24,257782,0.21,118,34,87.6,13.8,47.5,26.2,78.5
2025-01-18,United Kingdom,Novel Influenza (H5N1 Flu),510,7033,8,32,258687,0.2,123,39,89.5,19.9,47.6,28.2,85.6
2025-01-19,United Kingdom,Novel Influenza (H5N1 Flu),444,7477,7,39,258196,0.17,128,43,81.9,17.9,47.7,26.7,80.4
2025-01-20,United Kingdom,Novel Influenza (H5N1 Flu),613,8090,8,47,258009,0.24,135,47,84.8,17.7,47.8,26.7,80.5
2025-01-21,United Kingdom,Novel Influenza (H5N1 Flu),776,8866,10,57,260487,0.3,141,52,87.1,19.2,47.9,24.7,82.2
2025-01-22,United Kingdom,Novel Influenza (H5N1 Flu),750,9616,10,67,260534,0.29,145,54,85.6,20.0,48.0,28.0,79.7
2025-01-23,United Kingdom,Novel Influenza (H5N1 Flu),817,10433,10,77,261459,0.31,149,56,86.6,17.7,48.1,27.9,78.1
2025-01-24,United Kingdom,Novel Influenza (H5N1 Flu),798,11231,10,87,261315,0.31,151,58,84.7,16.9,48.3,30.3,78.2
2025-01-25,United Kingdom,Novel Influenza (H5N1 Flu),761,11992,9,96,258662,0.29,157,61,86.1,19.6,48.4,26.8,78.5
2025-01-26,United Kingdom,Novel Influenza (H5N1 Flu),757,12749,8,104,259078,0.29,171,64,85.7,16.1,48.5,27.7,78.5
2025-01-27,United Kingdom,Novel Influenza (H5N1 Flu),1018,13767,13,117,262097,0.39,186,65,87.6,21.6,48.6,27.9,80.7
2025-01-28,United Kingdom,Novel Influenza (H5N1 Flu),1210,14977,12,129,263247,0.46,197,67,85.3,16.3,48.8,30.0,78.5
2025-01-29,United Kingdom,Novel Influenza (H5N1 Flu),1236,16213,13,142,263405,0.47,209,72,85.4,24.6,48.9,27.6,80.5
2025-01-30,United Kingdom,Novel Influenza (H5N1 Flu),1367,17580,12,154,267528,0.51,220,76,83.5,23.6,49.1,28.3,77.9
2025-01-31,United Kingdom,Novel Influenza (H5N1 Flu),1455,19035,14,168,264774,0.55,228,80,83.1,23.5,49.2,28.9,78.3
2025-02-01,United Kingdom,Novel Influenza (H5N1 Flu),1526,20561,13,181,265765,0.57,244,86,83.0,26.0,49.3,28.4,71.9
2025-02-02,United Kingdom,Novel Influenza (H5N1 Flu),1321,21882,13,194,264354,0.5,268,91,85.3,27.0,49.5,27.5,80.5
2025-02-03,United Kingdom,Novel Influenza (H5N1 Flu),1808,23690,14,208,266973,0.68,294,94,82.3,27.6,49.7,28.6,78.7
2025-02-04,United Kingdom,Novel Influenza (H5N1 Flu),2197,25887,18,226,268340,0.82,320,101,82.7,21.1,49.8,30.1,80.5
2025-02-05,United Kingdom,Novel Influenza (H5N1 Flu),2103,27990,18,244,268850,0.78,343,109,86.5,22.3,50.0,27.0,68.6
2025-02-06,United Kingdom,Novel Influenza (H5N1 Flu),2486,30476,17,261,269617,0.92,369,118,83.1,26.3,50.2,28.9,83.4
2025-02-07,United Kingdom,Novel Influenza (H5N1 Flu),2341,32817,19,280,269283,0.87,386,127,81.1,27.4,50.4,27.7,76.6
2025-02-08,United Kingdom,Novel Influenza (H5N1 Flu),2207,35024,18,298,268230,0.82,420,138,84.5,28.2,50.5,30.7,80.2
2025-02-09,United Kingdom,Novel Influenza (H5N1 Flu),2316,37340,19,317,269451,0.86,468,151,81.0,25.1,50.7,26.7,73.6
2025-02-10,United Kingdom,Novel Influenza (H5N1 Flu),3459,40799,26,343,278542,1.24,514,159,74.7,33.8,50.9,28.3,78.4
2025-02-11,United Kingdom,Novel Influenza (H5N1 Flu),3588,44387,35,378,275134,1.3,563,171,76.4,31.7,51.1,29.8,73.2
2025-02-12,United Kingdom,Novel Influenza (H5N1 Flu),3774,48161,33,411,278804,1.35,602,187,74.2,33.1,51.3,31.7,74.3
2025-02-13,United Kingdom,Novel Influenza (H5N1 Flu),3983,52144,33,444,277759,1.43,634,202,76.6,31.8,51.5,29.3,81.8
2025-02-14,United Kingdom,Novel Influenza (H5N1 Flu),3936,56080,34,478,278618,1.41,666,222,77.5,33.0,51.8,28.7,75.3
2025-02-15,United Kingdom,Novel Influenza (H5N1 Flu),3678,59758,40,518,278630,1.32,734,240,81.5,30.4,52.0,32.4,76.3
2025-02-16,United Kingdom,Novel Influenza (H5N1 Flu),3510,63268,30,548,276598,1.27,804,257,79.3,30.6,52.2,27.5,78.1
2025-02-17,United Kingdom,Novel Influenza (H5N1 Flu),5459,68727,52,600,287150,1.9,886,272,72.9,47.0,52.4,26.5,76.8
2025-02-18,United Kingdom,Novel Influenza (H5N1 Flu),5519,74246,60,660,287872,1.92,960,298,74.9,41.3,52.7,30.6,75.6
2025-02-19,United Kingdom,Novel Influenza (H5N1 Flu),5080,79326,51,711,286633,1.77,1019,325,70.0,49.7,52.9,29.2,76.0
2025-02-20,United Kingdom,Novel Influenza (H5N1 Flu),6067,85393,54,765,291145,2.08,1072,353,72.2,48.5,53.2,28.6,81.9
2025-02-21,United Kingdom,Novel Influenza (H5N1 Flu),6073,91466,65,830,292128,2.08,1106,382,73.3,47.6,53.4,31.2,74.4
2025-02-22,United Kingdom,Novel Influenza (H5N1 Flu),5206,96672,55,885,286755,1.82,1211,410,71.1,39.9,53.7,30.6,74.9
2025-02-23,United Kingdom,Novel Influenza (H5N1 Flu),5178,101850,64,949,285890,1.81,1323,437,76.4,44.5,54.0,29.5,77.3
2025-02-24,United Kingdom,Novel Influenza (H5N1 Flu),7392,109242,75,1024,301969,2.45,1417,457,68.9,52.3,54.2,28.5,77.2
2025-02-25,United Kingdom,Novel Influenza (H5N1 Flu),7588,116830,85,1109,301635,2.52,1505,494,66.9,55.5,54.5,31.8,77.3
2025-02-26,United Kingdom,Novel Influenza (H5N1 Flu),7024,123854,94,1203,295592,2.38,1588,534,70.5,59.8,54.8,31.6,75.4
2025-02-27,United Kingdom,Novel Influenza (H5N1 Flu),7449,131303,100,1303,300354,2.48,1637,564,72.6,54.1,55.1,30.5,69.8
2025-02-28,United Kingdom,Novel Influenza (H5N1 Flu),7919,139222,95,1398,302326,2.62,1677,607,67.2,60.3,55.4,33.5,78.0
2025-03-01,United Kingdom,Novel Influenza (H5N1 Flu),7025,146247,97,1495,298476,2.35,1794,651,69.7,50.0,55.7,29.2,69.4
2025-03-02,United Kingdom,Novel Influenza (H5N1 Flu),5810,152057,80,1575,289541,2.01,1926,685,71.5,45.6,56.0,28.6,73.5
2025-03-03,United Kingdom,Novel Influenza (H5N1 Flu),8072,160129,135,1710,303791,2.66,2044,705,64.7,63.0,56.3,29.9,70.1
2025-03-04,United Kingdom,Novel Influenza (H5N1 Flu),7702,167831,139,1849,302190,2.55,2111,749,69.0,53.8,56.6,31.0,72.0
2025-03-05,United Kingdom,Novel Influenza (H5N1 Flu),7716,175547,132,1981,302635,2.55,2192,793,65.6,61.2,56.9,31.5,72.9
2025-03-06,United Kingdom,Novel Influenza (H5N1 Flu),8757,184304,160,2141,306815,2.85,2258,828,64.7,63.4,57.2,30.8,72.7
2025-03-07,United Kingdom,Novel Influenza (H5N1 Flu),9043,193347,138,2279,309397,2.92,2249,868,62.8,61.1,57.5,31.7,72.7
2025-03-08,United Kingdom,Novel Influenza (H5N1 Flu),6966,200313,114,2393,296795,2.35,2317,917,70.3,53.7,57.8,29.4,76.1
2025-03-09,United Kingdom,Novel Influenza (H5N1 Flu),6544,206857,143,2536,294084,2.23,2401,958,71.1,52.5,58.2,33.5,72.4
2025-03-10,United Kingdom,Novel Influenza (H5N1 Flu),8424,215281,190,2726,307783,2.74,2487,962,67.5,61.4,58.5,31.3,70.0
2025-03-11,United Kingdom,Novel Influenza (H5N1 Flu),7841,223122,178,2904,302924,2.59,2533,991,66.0,51.7,58.8,33.1,73.4
2025-03-12,United Kingdom,Novel Influenza (H5N1 Flu),8218,231340,197,3101,303521,2.71,2582,1022,65.5,56.2,59.2,32.0,73.8
2025-03-13,United Kingdom,Novel Influenza (H5N1 Flu),8638,239978,188,3289,308219,2.8,2580,1041,62.9,59.9,59.5,32.2,66.3
2025-03-14,United Kingdom,Novel Influenza (H5N1 Flu),7735,247713,217,3506,304006,2.54,2549,1072,66.4,55.7,59.9,32.4,71.6
2025-03-15,United Kingdom,Novel Influenza (H5N1 Flu),6945,254658,177,3683,298176,2.33,2566,1116,70.2,53.6,60.2,32.3,71.6
2025-03-16,United Kingdom,Novel Influenza (H5N1 Flu),4620,259278,169,3852,281674,1.64,2594,1137,77.1,39.9,60.6,32.6,68.4
2025-03-17,United Kingdom,Novel Influenza (H5N1 Flu),7521,266799,230,4082,300115,2.51,2675,1127,66.0,50.7,60.9,33.7,73.2
2025-03-18,United Kingdom,Novel Influenza (H5N1 Flu),6977,273776,189,4271,298602,2.34,2694,1137,71.1,53.0,61.3,32.0,68.3
2025-03-19,United Kingdom,Novel Influenza (H5N1 Flu),6581,280357,208,4479,294252,2.24,2696,1146,73.1,51.6,61.6,32.8,68.9
2025-03-20,United Kingdom,Novel Influenza (H5N1 Flu),6485,286842,230,4709,294827,2.2,2669,1155,71.5,50.9,62.0,31.7,67.8
2025-03-21,United Kingdom,Novel Influenza (H5N1 Flu),5451,292293,251,4960,288954,1.89,2530,1163,77.2,47.0,62.3,34.0,68.1
2025-03-22,United Kingdom,Novel Influenza (H5N1 Flu),4898,297191,161,5121,283935,1.73,2479,1171,73.3,43.4,62.7,30.8,64.5
2025-03-23,United Kingdom,Novel Influenza (H5N1 Flu),4287,301478,173,5294,281136,1.52,2479,1185,74.0,39.0,63.0,34.6,63.2
2025-03-24,United Kingdom,Novel Influenza (H5N1 Flu),5851,307329,228,5522,287338,2.04,2480,1145,68.8,45.7,63.4,31.8,72.0
2025-03-25,United Kingdom,Novel Influenza (H5N1 Flu),4940,312269,168,5690,284089,1.74,2415,1143,77.8,36.1,63.7,29.8,64.5
2025-03-26,United Kingdom,Novel Influenza (H5N1 Flu),4589,316858,186,5876,282755,1.62,2334,1134,77.0,40.5,64.1,32.1,63.8
2025-03-27,United Kingdom,Novel Influenza (H5N1 Flu),4414,321272,181,6057,280710,1.57,2222,1109,76.1,38.9,64.4,30.9,60.0
2025-03-28,United Kingdom,Novel Influenza (H5N1 Flu),4519,325791,189,6246,284220,1.59,2075,1079,76.5,39.7,64.8,33.2,64.3
2025-03-29,United Kingdom,Novel Influenza (H5N1 Flu),3438,329229,184,6430,274671,1.25,2012,1062,76.5,29.3,65.1,31.0,62.0
2025-03-30,United Kingdom,Novel Influenza (H5N1 Flu),2712,331941,129,6559,271305,1.0,1944,1043,85.6,26.1,65.4,31.3,70.6
2025-03-31,United Kingdom,Novel Influenza (H5N1 Flu),3637,335578,189,6748,277426,1.31,1943,995,78.5,37.4,65.8,29.2,68.5
2025-04-01,United Kingdom,Novel Influenza (H5N1 Flu),3317,338895,197,6945,276817,1.2,1838,972,79.3,32.4,66.1,31.3,63.1
2025-04-02,United Kingdom,Novel Influenza (H5N1 Flu),3259,342154,146,7091,273592,1.19,1755,934,80.7,34.3,66.5,28.4,71.7
2025-04-03,United Kingdom,Novel Influenza (H5N1 Flu),2756,344910,140,7231,273173,1.01,1649,887,81.6,29.6,66.8,29.6,67.6
2025-04-04,United Kingdom,Novel Influenza (H5N1 Flu),2637,347547,136,7367,271306,0.97,1522,849,81.4,29.0,67.1,33.1,63.4
2025-04-05,United Kingdom,Novel Influenza (H5N1 Flu),2063,349610,126,7493,266870,0.77,1460,821,80.9,28.7,67.4,33.2,56.7
2025-04-06,United Kingdom,Novel Influenza (H5N1 Flu),1606,351216,107,7600,265572,0.6,1407,807,84.6,21.9,67.8,32.6,70.8
2025-04-07,United Kingdom,Novel Influenza (H5N1 Flu),2279,353495,122,7722,269347,0.85,1372,752,85.7,27.3,68.1,30.5,59.5
2025-04-08,United Kingdom,Novel Influenza (H5N1 Flu),2164,355659,123,7845,267857,0.81,1268,713,84.9,25.0,68.4,31.9,58.4
2025-04-09,United Kingdom,Novel Influenza (H5N1 Flu),2046,357705,103,7948,267819,0.76,1190,676,85.7,24.5,68.7,31.9,66.2
2025-04-10,United Kingdom,Novel Influenza (H5N1 Flu),1956,359661,116,8064,266824,0.73,1105,638,81.7,24.4,69.0,30.2,70.2
2025-04-11,United Kingdom,Novel Influenza (H5N1 Flu),1783,361444,116,8180,266285,0.67,1010,607,81.2,25.1,69.3,34.2,66.8
2025-04-12,United Kingdom,Novel Influenza (H5N1 Flu),1585,363029,79,8259,265646,0.6,935,581,83.5,21.9,69.6,33.2,64.0
2025-04-13,United Kingdom,Novel Influenza (H5N1 Flu),1426,364455,65,8324,265616,0.54,892,555,84.3,26.3,69.9,31.5,63.9
2025-04-14,United Kingdom,Novel Influenza (H5N1 Flu),1914,366369,83,8407,265720,0.72,869,506,85.1,22.4,70.2,31.9,64.4
2025-04-15,United Kingdom,Novel Influenza (H5N1 Flu),2072,368441,83,8490,270039,0.77,812,476,79.1,25.4,70.5,32.1,63.9
2025-04-16,United Kingdom,Novel Influenza (H5N1 Flu),2260,370701,88,8578,267081,0.85,761,448,85.0,25.6,70.7,28.7,62.2
2025-04-17,United Kingdom,Novel Influenza (H5N1 Flu),2620,373321,63,8641,271042,0.97,704,420,80.7,33.2,71.0,31.4,61.4
2025-04-18,United Kingdom,Novel Influenza (H5N1 Flu),2562,375883,69,8710,271434,0.94,659,391,80.3,29.1,71.3,30.7,60.6
2025-04-19,United Kingdom,Novel Influenza (H5N1 Flu),2343,378226,49,8759,269812,0.87,635,372,79.7,30.5,71.5,30.1,58.3
2025-04-20,United Kingdom,Novel Influenza (H5N1 Flu),2223,380449,38,8797,268189,0.83,635,359,78.7,22.3,71.8,31.2,59.5
2025-04-21,United Kingdom,Novel Influenza (H5N1 Flu),2915,383364,56,8853,272755,1.07,657,333,81.8,31.2,72.1,34.3,55.0
2025-04-22,United Kingdom,Novel Influenza (H5N1 Flu),3612,386976,50,8903,276652,1.31,669,317,78.5,36.8,72.3,32.5,59.6
2025-04-23,United Kingdom,Novel Influenza (H5N1 Flu),3991,390967,49,8952,278830,1.43,682,303,74.7,36.3,72.5,30.6,56.6
2025-04-24,United Kingdom,Novel Influenza (H5N1 Flu),5014,395981,44,8996,286407,1.75,692,297,72.0,44.7,72.8,32.3,56.1
2025-04-25,United Kingdom,Novel Influenza (H5N1 Flu),4737,400718,52,9048,284253,1.67,701,297,74.6,38.5,73.0,33.5,59.7
2025-04-26,United Kingdom,Novel Influenza (H5N1 Flu),4476,405194,40,9088,281637,1.59,739,303,79.4,42.9,73.2,32.7,63.1
2025-04-27,United Kingdom,Novel Influenza (H5N1 Flu),4244,409438,34,9122,281837,1.51,808,311,76.1,44.3,73.4,31.3,61.4
2025-04-28,United Kingdom,Novel Influenza (H5N1 Flu),5791,415229,49,9171,290527,1.99,894,311,69.5,44.5,73.6,30.2,53.7
2025-04-29,United Kingdom,Novel Influenza (H5N1 Flu),7212,422441,51,9222,299558,2.41,999,319,68.2,51.8,73.9,32.2,55.2
2025-04-30,United Kingdom,Novel Influenza (H5N1 Flu),7615,430056,56,9278,301793,2.52,1089,338,67.1,59.6,74.1,31.7,60.8
2025-05-01,United Kingdom,Novel Influenza (H5N1 Flu),8203,438259,69,9347,303863,2.7,1164,361,60.6,63.1,74.3,32.3,54.8
2025-05-02,United Kingdom,Novel Influenza (H5N1 Flu),7923,446182,68,9415,302451,2.62,1218,398,66.7,55.3,74.4,31.9,56.8
2025-05-03,United Kingdom,Novel Influenza (H5N1 Flu),8111,454293,56,9471,304887,2.66,1327,435,65.8,56.6,74.6,32.4,58.9
2025-05-04,United Kingdom,Novel Influenza (H5N1 Flu),6439,460732,53,9524,294718,2.18,1492,470,72.2,48.2,74.8,30.0,54.1
2025-05-05,United Kingdom,Novel Influenza (H5N1 Flu),10337,471069,71,9595,317475,3.26,1674,497,64.0,65.6,75.0,32.7,57.1
2025-05-06,United Kingdom,Novel Influenza (H5N1 Flu),11864,482933,74,9669,326775,3.63,1852,540,58.5,74.9,75.2,30.9,52.6
2025-05-07,United Kingdom,Novel Influenza (H5N1 Flu),10305,493238,88,9757,318581,3.23,1998,597,59.9,66.4,75.3,33.7,54.6
2025-05-08,United Kingdom,Novel Influenza (H5N1 Flu),11005,504243,139,9896,320912,3.43,2137,655,56.3,70.9,75.5,29.4,57.2
2025-05-09,United Kingdom,Novel Influenza (H5N1 Flu),11856,516099,134,10030,327157,3.62,2185,720,61.4,77.5,75.6,33.0,51.2
2025-05-10,United Kingdom,Novel Influenza (H5N1 Flu),9861,525960,110,10140,314437,3.14,2374,784,61.7,67.8,75.8,30.6,57.1
2025-05-11,United Kingdom,Novel Influenza (H5N1 Flu),8372,534332,111,10251,305488,2.74,2623,852,65.6,63.9,75.9,29.2,55.5
2025-05-12,United Kingdom,Novel Influenza (H5N1 Flu),12716,547048,148,10399,332868,3.82,2828,893,53.9,79.2,76.1,29.4,57.0
2025-05-13,United Kingdom,Novel Influenza (H5N1 Flu),12022,559070,225,10624,328431,3.66,3004,971,56.2,81.5,76.2,29.6,55.8
2025-05-14,United Kingdom,Novel Influenza (H5N1 Flu),13323,572393,207,10831,336225,3.96,3160,1062,52.0,84.8,76.3,30.6,59.1
2025-05-15,United Kingdom,Novel Influenza (H5N1 Flu),12286,584679,203,11034,330495,3.72,3236,1123,54.0,79.8,76.5,30.6,55.2
2025-05-16,United Kingdom,Novel Influenza (H5N1 Flu),14193,598872,183,11217,340653,4.17,3242,1195,48.9,92.0,76.6,28.9,53.3
2025-05-17,United Kingdom,Novel Influenza (H5N1 Flu),10305,609177,177,11394,317985,3.24,3404,1280,60.3,66.1,76.7,29.6,54.8
2025-05-18,United Kingdom,Novel Influenza (H5N1 Flu),9292,618469,164,11558,310915,2.99,3536,1345,62.0,65.2,76.8,32.8,55.9
2025-05-19,United Kingdom,Novel Influenza (H5N1 Flu),13158,631627,243,11801,334746,3.93,3768,1375,51.3,85.0,77.0,32.1,54.2
2025-05-20,United Kingdom,Novel Influenza (H5N1 Flu),11370,642997,263,12064,323563,3.51,3834,1439,57.8,76.6,77.1,30.0,54.0
2025-05-21,United Kingdom,Novel Influenza (H5N1 Flu),12116,655113,244,12308,328266,3.69,3912,1490,55.1,79.9,77.2,29.3,51.6
2025-05-22,United Kingdom,Novel Influenza (H5N1 Flu),12486,667599,251,12559,330985,3.77,3912,1549,57.6,88.3,77.3,29.3,51.5
2025-05-23,United Kingdom,Novel Influenza (H5N1 Flu),10083,677682,336,12895,315153,3.2,3855,1599,55.7,66.4,77.4,30.0,49.2
2025-05-24,United Kingdom,Novel Influenza (H5N1 Flu),9067,686749,264,13159,311968,2.91,3899,1669,65.9,61.3,77.5,27.4,58.5
2025-05-25,United Kingdom,Novel Influenza (H5N1 Flu),7702,694451,209,13368,300679,2.56,3949,1714,69.9,53.8,77.6,28.4,49.3
2025-05-26,United Kingdom,Novel Influenza (H5N1 Flu),10146,704597,356,13724,315135,3.22,4076,1702,56.7,66.9,77.7,26.2,50.8
2025-05-27,United Kingdom,Novel Influenza (H5N1 Flu),8474,713071,302,14026,307476,2.76,4068,1717,64.6,57.9,77.7,29.2,50.6
2025-05-28,United Kingdom,Novel Influenza (H5N1 Flu),7921,720992,310,14336,303791,2.61,4003,1729,66.0,60.4,77.8,29.5,55.3
2025-05-29,United Kingdom,Novel Influenza (H5N1 Flu),8296,729288,345,14681,305874,2.71,3859,1742,63.0,63.1,77.9,27.7,51.6
2025-05-30,United Kingdom,Novel Influenza (H5N1 Flu),7618,736906,370,15051,301810,2.52,3704,1749,66.0,53.5,78.0,30.6,56.1
2025-05-31,United Kingdom,Novel Influenza (H5N1 Flu),5895,742801,236,15287,290831,2.03,3568,1752,70.0,43.7,78.1,26.3,50.2
2025-06-01,United Kingdom,Novel Influenza (H5N1 Flu),4841,747642,229,15516,283622,1.71,3506,1760,78.5,42.0,78.1,25.8,52.9
2025-06-02,United Kingdom,Novel Influenza (H5N1 Flu),5614,753256,306,15822,289233,1.94,3460,1702,74.8,43.0,78.2,28.2,49.4
2025-06-03,United Kingdom,Novel Influenza (H5N1 Flu),5415,758671,253,16075,287286,1.88,3296,1680,76.0,45.5,78.3,29.4,58.2
2025-06-04,United Kingdom,Novel Influenza (H5N1 Flu),4935,763606,325,16400,286059,1.73,3169,1624,76.2,41.7,78.3,30.2,48.1
2025-06-05,United Kingdom,Novel Influenza (H5N1 Flu),4195,767801,360,16760,280496,1.5,2959,1574,74.5,32.6,78.4,26.9,52.5
2025-06-06,United Kingdom,Novel Influenza (H5N1 Flu),4385,772186,224,16984,280958,1.56,2701,1506,75.2,42.8,78.5,29.0,53.3
2025-06-07,United Kingdom,Novel Influenza (H5N1 Flu),3044,775230,237,17221,273416,1.11,2550,1475,80.8,36.5,78.5,27.2,52.6
2025-06-08,United Kingdom,Novel Influenza (H5N1 Flu),2173,777403,183,17404,268924,0.81,2427,1436,79.7,24.6,78.6,26.9,50.7
2025-06-09,United Kingdom,Novel Influenza (H5N1 Flu),2908,780311,244,17648,272358,1.07,2333,1339,81.6,29.2,78.6,28.4,50.7
2025-06-10,United Kingdom,Novel Influenza (H5N1 Flu),2331,782642,202,17850,268637,0.87,2133,1273,81.3,28.2,78.7,27.9,51.2
2025-06-11,United Kingdom,Novel Influenza (H5N1 Flu),2286,784928,184,18034,269433,0.85,1995,1196,81.1,28.1,78.7,24.4,50.5
2025-06-12,United Kingdom,Novel Influenza (H5N1 Flu),2052,786980,208,18242,268030,0.77,1830,1108,83.9,27.8,78.8,28.9,53.7
2025-06-13,United Kingdom,Novel Influenza (H5N1 Flu),1599,788579,178,18420,264561,0.6,1623,1040,84.6,29.5,78.8,28.6,57.4
2025-06-14,United Kingdom,Novel Influenza (H5N1 Flu),1304,789883,151,18571,262826,0.5,1464,986,83.8,21.4,78.9,25.4,49.0
2025-06-15,United Kingdom,Novel Influenza (H5N1 Flu),979,790862,121,18692,261580,0.37,1344,932,87.7,17.8,78.9,26.8,46.5
2025-06-16,United Kingdom,Novel Influenza (H5N1 Flu),1179,792041,138,18830,261099,0.45,1258,840,82.7,17.1,79.0,26.9,50.3
2025-06-17,United Kingdom,Novel Influenza (H5N1 Flu),1094,793135,126,18956,260630,0.42,1138,776,86.3,18.6,79.0,26.4,58.2
2025-06-18,United Kingdom,Novel Influenza (H5N1 Flu),847,793982,118,19074,259837,0.33,1009,712,86.9,19.4,79.0,25.0,48.0
2025-06-19,United Kingdom,Novel Influenza (H5N1 Flu),722,794704,111,19185,259592,0.28,886,642,85.4,24.2,79.1,24.7,55.3
2025-06-20,United Kingdom,Novel Influenza (H5N1 Flu),632,795336,114,19299,259576,0.24,778,578,87.0,16.8,79.1,25.5,55.3
2025-06-21,United Kingdom,Novel Influenza (H5N1 Flu),474,795810,70,19369,259793,0.18,670,528,84.2,18.2,79.1,27.2,48.6
2025-06-22,United Kingdom,Novel Influenza (H5N1 Flu),394,796204,55,19424,258695,0.15,604,487,88.8,17.0,79.2,26.1,51.9
2025-06-23,United Kingdom,Novel Influenza (H5N1 Flu),493,796697,77,19501,258272,0.19,559,434,86.3,21.2,79.2,24.6,55.0
2025-06-24,United Kingdom,Novel Influenza (H5N1 Flu),451,797148,50,19551,258160,0.17,485,385,85.7,25.0,79.2,26.2,49.0
2025-06-25,United Kingdom,Novel Influenza (H5N1 Flu),432,797580,60,19611,257063,0.17,428,341,88.9,15.7,79.3,20.6,49.5
2025-06-26,United Kingdom,Novel Influenza (H5N1 Flu),388,797968,49,19660,257783,0.15,367,302,85.6,15.6,79.3,26.5,48.3
2025-06-27,United Kingdom,Novel Influenza (H5N1 Flu),401,798369,42,19702,257591,0.16,311,260,84.1,20.3,79.3,22.0,47.0
2025-06-28,United Kingdom,Novel Influenza (H5N1 Flu),294,798663,31,19733,257560,0.11,273,232,84.1,18.6,79.3,23.9,48.1
2025-06-29,United Kingdom,Novel Influenza (H5N1 Flu),300,798963,21,19754,256446,0.12,245,212,88.4,22.1,79.4,22.7,46.3
2025-01-01,Brazil,COVID-19 (SARS-CoV-2),529,529,0,0,460387,0.11,0,0,76.0,12.7,46.4,24.9,76.1
2025-01-02,Brazil,COVID-19 (SARS-CoV-2),531,1060,0,0,458916,0.12,0,0,79.3,21.8,46.4,23.6,83.5
2025-01-03,Brazil,COVID-19 (SARS-CoV-2),580,1640,0,0,458997,0.13,0,0,79.7,10.5,46.5,25.2,78.6
2025-01-04,Brazil,COVID-19 (SARS-CoV-2),532,2172,0,0,460262,0.12,0,0,77.4,21.7,46.5,26.1,81.0
2025-01-05,Brazil,COVID-19 (SARS-CoV-2),443,2615,0,0,459022,0.1,0,0,80.6,16.9,46.6,25.8,79.8
2025-01-06,Brazil,COVID-19 (SARS-CoV-2),622,3237,0,0,461034,0.13,10,0,75.7,16.5,46.7,25.5,81.4
2025-01-07,Brazil,COVID-19 (SARS-CoV-2),718,3955,0,0,461369,0.16,21,0,78.8,15.5,46.7,26.4,80.1
2025-01-08,Brazil,COVID-19 (SARS-CoV-2),714,4669,0,0,460799,0.15,33,0,76.5,18.3,46.8,26.7,76.0
2025-01-09,Brazil,COVID-19 (SARS-CoV-2),691,5360,0,0,459887,0.15,43,2,77.7,16.9,46.9,27.2,82.8
2025-01-10,Brazil,COVID-19 (SARS-CoV-2),764,6124,0,0,459657,0.17,52,5,79.0,20.6,46.9,26.2,78.3
2025-01-11,Brazil,COVID-19 (SARS-CoV-2),628,6752,0,0,459909,0.14,65,8,77.3,17.2,47.0,25.1,75.1
2025-01-12,Brazil,COVID-19 (SARS-CoV-2),580,7332,0,0,460924,0.13,80,11,78.4,17.2,47.1,25.7,78.4
2025-01-13,Brazil,COVID-19 (SARS-CoV-2),851,8183,0,0,461908,0.18,94,14,80.7,16.4,47.2,27.5,84.2
2025-01-14,Brazil,COVID-19 (SARS-CoV-2),776,8959,0,0,459998,0.17,108,17,77.7,17.1,47.3,24.6,82.2
2025-01-15,Brazil,COVID-19 (SARS-CoV-2),823,9782,7,7,461699,0.18,124,21,80.4,18.4,47.3,26.5,78.5
2025-01-16,Brazil,COVID-19 (SARS-CoV-2),931,10713,7,14,462559,0.2,126,25,76.3,12.6,47.4,25.5,78.4
2025-01-17,Brazil,COVID-19 (SARS-CoV-2),952,11665,7,21,461416,0.21,127,29,79.6,13.8,47.5,26.2,78.5
2025-01-18,Brazil,COVID-19 (SARS-CoV-2),912,12577,7,28,462213,0.2,132,33,81.5,19.9,47.6,28.2,85.6
2025-01-19,Brazil,COVID-19 (SARS-CoV-2),794,13371,6,34,461410,0.17,137,36,73.9,17.9,47.7,26.7,80.4
2025-01-20,Brazil,COVID-19 (SARS-CoV-2),1097,14468,7,41,462027,0.24,145,39,76.8,17.7,47.8,26.7,80.5
2025-01-21,Brazil,COVID-19 (SARS-CoV-2),1387,15855,9,50,465267,0.3,151,44,79.1,19.2,47.9,24.7,82.2
2025-01-22,Brazil,COVID-19 (SARS-CoV-2),1341,17196,9,59,465194,0.29,156,45,77.6,20.0,48.0,28.0,79.7
2025-01-23,Brazil,COVID-19 (SARS-CoV-2),1461,18657,8,67,466437,0.31,160,47,78.6,17.7,48.1,27.9,78.1
2025-01-24,Brazil,COVID-19 (SARS-CoV-2),1427,20084,9,76,466203,0.31,162,49,76.7,16.9,48.3,30.3,78.2
2025-01-25,Brazil,COVID-19 (SARS-CoV-2),1361,21445,8,84,463376,0.29,168,51,78.1,19.6,48.4,26.8,78.5
2025-01-26,Brazil,COVID-19 (SARS-CoV-2),1353,22798,7,91,463768,0.29,184,54,77.7,16.1,48.5,27.7,78.5
2025-01-27,Brazil,COVID-19 (SARS-CoV-2),1820,24618,11,102,468023,0.39,199,55,79.6,21.6,48.6,27.9,80.7
2025-01-28,Brazil,COVID-19 (SARS-CoV-2),2163,26781,10,112,470079,0.46,212,57,77.3,16.3,48.8,30.0,78.5
2025-01-29,Brazil,COVID-19 (SARS-CoV-2),2210,28991,12,124,470363,0.47,225,60,77.4,24.6,48.9,27.6,80.5
2025-01-30,Brazil,COVID-19 (SARS-CoV-2),2443,31434,10,134,475098,0.51,236,64,75.5,23.6,49.1,28.3,77.9
2025-01-31,Brazil,COVID-19 (SARS-CoV-2),2601,34035,12,146,472764,0.55,244,68,75.1,23.5,49.2,28.9,78.3
2025-02-01,Brazil,COVID-19 (SARS-CoV-2),2728,36763,11,157,474091,0.58,262,72,75.0,26.0,49.3,28.4,71.9
2025-02-02,Brazil,COVID-19 (SARS-CoV-2),2361,39124,11,168,471708,0.5,287,76,77.3,27.0,49.5,27.5,80.5
2025-02-03,Brazil,COVID-19 (SARS-CoV-2),3232,42356,12,180,476631,0.68,316,79,74.3,27.6,49.7,28.6,78.7
2025-02-04,Brazil,COVID-19 (SARS-CoV-2),3928,46284,16,196,479840,0.82,343,85,74.7,21.1,49.8,30.1,80.5
2025-02-05,Brazil,COVID-19 (SARS-CoV-2),3758,50042,15,211,479894,0.78,368,92,78.5,22.3,50.0,27.0,68.6
2025-02-06,Brazil,COVID-19 (SARS-CoV-2),4443,54485,15,226,482473,0.92,396,99,75.1,26.3,50.2,28.9,83.4
2025-02-07,Brazil,COVID-19 (SARS-CoV-2),4184,58669,16,242,481455,0.87,414,107,73.1,27.4,50.4,27.7,76.6
2025-02-08,Brazil,COVID-19 (SARS-CoV-2),3945,62614,15,257,479772,0.82,451,116,76.5,28.2,50.5,30.7,80.2
2025-02-09,Brazil,COVID-19 (SARS-CoV-2),4140,66754,16,273,481509,0.86,502,127,73.0,25.1,50.7,26.7,73.6
2025-02-10,Brazil,COVID-19 (SARS-CoV-2),6182,72936,22,295,495994,1.25,551,134,66.7,33.8,50.9,28.3,78.4
2025-02-11,Brazil,COVID-19 (SARS-CoV-2),6413,79349,30,325,493198,1.3,604,144,68.4,31.7,51.1,29.8,73.2
2025-02-12,Brazil,COVID-19 (SARS-CoV-2),6745,86094,29,354,497744,1.36,645,158,66.2,33.1,51.3,31.7,74.3
2025-02-13,Brazil,COVID-19 (SARS-CoV-2),7119,93213,28,382,497689,1.43,680,170,68.6,31.8,51.5,29.3,81.8
2025-02-14,Brazil,COVID-19 (SARS-CoV-2),7035,100248,29,411,498326,1.41,715,187,69.5,33.0,51.8,28.7,75.3
2025-02-15,Brazil,COVID-19 (SARS-CoV-2),6574,106822,34,445,497120,1.32,787,202,73.5,30.4,52.0,32.4,76.3
2025-02-16,Brazil,COVID-19 (SARS-CoV-2),6273,113095,25,470,494290,1.27,862,216,71.3,30.6,52.2,27.5,78.1
2025-02-17,Brazil,COVID-19 (SARS-CoV-2),9756,122851,44,514,514046,1.9,951,229,64.9,47.0,52.4,26.5,76.8
2025-02-18,Brazil,COVID-19 (SARS-CoV-2),9864,132715,52,566,515056,1.92,1029,251,66.9,41.3,52.7,30.6,75.6
2025-02-19,Brazil,COVID-19 (SARS-CoV-2),9079,141794,43,609,511741,1.77,1092,274,62.0,49.7,52.9,29.2,76.0
2025-02-20,Brazil,COVID-19 (SARS-CoV-2),10843,152637,46,655,520915,2.08,1149,297,64.2,48.5,53.2,28.6,81.9
2025-02-21,Brazil,COVID-19 (SARS-CoV-2),10854,163491,56,711,521928,2.08,1186,322,65.3,47.6,53.4,31.2,74.4
2025-02-22,Brazil,COVID-19 (SARS-CoV-2),9304,172795,47,758,512457,1.82,1299,345,63.1,39.9,53.7,30.6,74.9
2025-02-23,Brazil,COVID-19 (SARS-CoV-2),9254,182049,55,813,511460,1.81,1419,368,68.4,44.5,54.0,29.5,77.3
2025-02-24,Brazil,COVID-19 (SARS-CoV-2),13211,195260,65,878,537997,2.46,1519,385,60.9,52.3,54.2,28.5,77.2
2025-02-25,Brazil,COVID-19 (SARS-CoV-2),13561,208821,73,951,538587,2.52,1613,416,58.9,55.5,54.5,31.8,77.3
2025-02-26,Brazil,COVID-19 (SARS-CoV-2),12553,221374,81,1032,529880,2.37,1703,450,62.5,59.8,54.8,31.6,75.4
2025-02-27,Brazil,COVID-19 (SARS-CoV-2),13313,234687,86,1118,536652,2.48,1755,475,64.6,54.1,55.1,30.5,69.8
2025-02-28,Brazil,COVID-19 (SARS-CoV-2),14152,248839,81,1199,540838,2.62,1798,511,59.2,60.3,55.4,33.5,78.0
2025-03-01,Brazil,COVID-19 (SARS-CoV-2),12556,261395,83,1282,532776,2.36,1923,549,61.7,50.0,55.7,29.2,69.4
2025-03-02,Brazil,COVID-19 (SARS-CoV-2),10383,271778,69,1351,518093,2.0,2065,577,63.5,45.6,56.0,28.6,73.5
2025-03-03,Brazil,COVID-19 (SARS-CoV-2),14427,286205,116,1467,543035,2.66,2192,594,56.7,63.0,56.3,29.9,70.1
2025-03-04,Brazil,COVID-19 (SARS-CoV-2),13766,299971,120,1587,539688,2.55,2264,631,61.0,53.8,56.6,31.0,72.0
2025-03-05,Brazil,COVID-19 (SARS-CoV-2),13790,313761,113,1700,540193,2.55,2351,668,57.6,61.2,56.9,31.5,72.9
2025-03-06,Brazil,COVID-19 (SARS-CoV-2),15651,329412,138,1838,549293,2.85,2421,697,56.7,63.4,57.2,30.8,72.7
2025-03-07,Brazil,COVID-19 (SARS-CoV-2),16161,345573,119,1957,553219,2.92,2412,732,54.8,61.1,57.5,31.7,72.7
2025-03-08,Brazil,COVID-19 (SARS-CoV-2),12451,358024,98,2055,530819,2.35,2484,773,62.3,53.7,57.8,29.4,76.1
2025-03-09,Brazil,COVID-19 (SARS-CoV-2),11696,369720,122,2177,526110,2.22,2575,807,63.1,52.5,58.2,33.5,72.4
2025-03-10,Brazil,COVID-19 (SARS-CoV-2),15055,384775,163,2340,548683,2.74,2667,810,59.5,61.4,58.5,31.3,70.0
2025-03-11,Brazil,COVID-19 (SARS-CoV-2),14013,398788,153,2493,541070,2.59,2716,835,58.0,51.7,58.8,33.1,73.4
2025-03-12,Brazil,COVID-19 (SARS-CoV-2),14688,413476,169,2662,543455,2.7,2769,861,57.5,56.2,59.2,32.0,73.8
2025-03-13,Brazil,COVID-19 (SARS-CoV-2),15439,428915,161,2823,550139,2.81,2767,877,54.9,59.9,59.5,32.2,66.3
2025-03-14,Brazil,COVID-19 (SARS-CoV-2),13825,442740,186,3009,541660,2.55,2734,903,58.4,55.7,59.9,32.4,71.6
2025-03-15,Brazil,COVID-19 (SARS-CoV-2),12412,455152,151,3160,532092,2.33,2752,940,62.2,53.6,60.2,32.3,71.6
2025-03-16,Brazil,COVID-19 (SARS-CoV-2),8258,463410,145,3305,504616,1.64,2782,958,69.1,39.9,60.6,32.6,68.4
2025-03-17,Brazil,COVID-19 (SARS-CoV-2),13443,476853,197,3502,536761,2.5,2869,949,58.0,50.7,60.9,33.7,73.2
2025-03-18,Brazil,COVID-19 (SARS-CoV-2),12470,489323,162,3664,532674,2.34,2889,958,63.1,53.0,61.3,32.0,68.3
2025-03-19,Brazil,COVID-19 (SARS-CoV-2),11761,501084,178,3842,526446,2.23,2891,966,65.1,51.6,61.6,32.8,68.9
2025-03-20,Brazil,COVID-19 (SARS-CoV-2),11590,512674,198,4040,526571,2.2,2863,973,63.5,50.9,62.0,31.7,67.8
2025-03-21,Brazil,COVID-19 (SARS-CoV-2),9742,522416,215,4255,515814,1.89,2713,980,69.2,47.0,62.3,34.0,68.1
2025-03-22,Brazil,COVID-19 (SARS-CoV-2),8753,531169,138,4393,508179,1.72,2658,987,65.3,43.4,62.7,30.8,64.5
2025-03-23,Brazil,COVID-19 (SARS-CoV-2),7661,538830,148,4541,502494,1.52,2658,998,66.0,39.0,63.0,34.6,63.2
2025-03-24,Brazil,COVID-19 (SARS-CoV-2),10457,549287,196,4737,516088,2.03,2660,964,60.8,45.7,63.4,31.8,72.0
2025-03-25,Brazil,COVID-19 (SARS-CoV-2),8829,558116,144,4881,508537,1.74,2589,963,69.8,36.1,63.7,29.8,64.5
2025-03-26,Brazil,COVID-19 (SARS-CoV-2),8202,566318,160,5041,505547,1.62,2503,955,69.0,40.5,64.1,32.1,63.8
2025-03-27,Brazil,COVID-19 (SARS-CoV-2),7889,574207,155,5196,502674,1.57,2383,934,68.1,38.9,64.4,30.9,60.0
2025-03-28,Brazil,COVID-19 (SARS-CoV-2),8077,582284,162,5358,506682,1.59,2225,909,68.5,39.7,64.8,33.2,64.3
2025-03-29,Brazil,COVID-19 (SARS-CoV-2),6145,588429,157,5515,492027,1.25,2157,895,68.5,29.3,65.1,31.0,62.0
2025-03-30,Brazil,COVID-19 (SARS-CoV-2),4847,593276,111,5626,485229,1.0,2085,879,77.6,26.1,65.4,31.3,70.6
2025-03-31,Brazil,COVID-19 (SARS-CoV-2),6501,599777,162,5788,495724,1.31,2083,838,70.5,37.4,65.8,29.2,68.5
2025-04-01,Brazil,COVID-19 (SARS-CoV-2),5929,605706,169,5957,493603,1.2,1971,819,71.3,32.4,66.1,31.3,63.1
2025-04-02,Brazil,COVID-19 (SARS-CoV-2),5825,611531,126,6083,490102,1.19,1882,787,72.7,34.3,66.5,28.4,71.7
2025-04-03,Brazil,COVID-19 (SARS-CoV-2),4926,616457,120,6203,487307,1.01,1768,748,73.6,29.6,66.8,29.6,67.6
2025-04-04,Brazil,COVID-19 (SARS-CoV-2),4714,621171,116,6319,484882,0.97,1632,715,73.4,29.0,67.1,33.1,63.4
2025-04-05,Brazil,COVID-19 (SARS-CoV-2),3687,624858,108,6427,477728,0.77,1566,692,72.9,28.7,67.4,33.2,56.7
2025-04-06,Brazil,COVID-19 (SARS-CoV-2),2870,627728,92,6519,474270,0.61,1509,680,76.6,21.9,67.8,32.6,70.8
2025-04-07,Brazil,COVID-19 (SARS-CoV-2),4074,631802,105,6624,481231,0.85,1472,633,77.7,27.3,68.1,30.5,59.5
2025-04-08,Brazil,COVID-19 (SARS-CoV-2),3868,635670,105,6729,479195,0.81,1360,601,76.9,25.0,68.4,31.9,58.4
2025-04-09,Brazil,COVID-19 (SARS-CoV-2),3656,639326,88,6817,478593,0.76,1276,569,77.7,24.5,68.7,31.9,66.2
2025-04-10,Brazil,COVID-19 (SARS-CoV-2),3496,642822,100,6917,477178,0.73,1185,538,73.7,24.4,69.0,30.2,70.2
2025-04-11,Brazil,COVID-19 (SARS-CoV-2),3186,646008,100,7017,475817,0.67,1083,512,73.2,25.1,69.3,34.2,66.8
2025-04-12,Brazil,COVID-19 (SARS-CoV-2),2833,648841,68,7085,474248,0.6,1002,490,75.5,21.9,69.6,33.2,64.0
2025-04-13,Brazil,COVID-19 (SARS-CoV-2),2549,651390,56,7141,473468,0.54,956,468,76.3,26.3,69.9,31.5,63.9
2025-04-14,Brazil,COVID-19 (SARS-CoV-2),3421,654811,71,7212,475876,0.72,932,427,77.1,22.4,70.2,31.9,64.4
2025-04-15,Brazil,COVID-19 (SARS-CoV-2),3703,658514,71,7283,480939,0.77,871,401,71.1,25.4,70.5,32.1,63.9
2025-04-16,Brazil,COVID-19 (SARS-CoV-2),4039,662553,75,7358,478869,0.84,816,377,77.0,25.6,70.7,28.7,62.2
2025-04-17,Brazil,COVID-19 (SARS-CoV-2),4683,667236,54,7412,484534,0.97,755,354,72.7,33.2,71.0,31.4,61.4
2025-04-18,Brazil,COVID-19 (SARS-CoV-2),4580,671816,59,7471,484656,0.95,707,329,72.3,29.1,71.3,30.7,60.6
2025-04-19,Brazil,COVID-19 (SARS-CoV-2),4188,676004,42,7513,481996,0.87,681,313,71.7,30.5,71.5,30.1,58.3
2025-04-20,Brazil,COVID-19 (SARS-CoV-2),3973,679977,32,7545,479803,0.83,681,302,70.7,22.3,71.8,31.2,59.5
2025-04-21,Brazil,COVID-19 (SARS-CoV-2),5210,685187,48,7593,487639,1.07,705,281,73.8,31.2,72.1,34.3,55.0
2025-04-22,Brazil,COVID-19 (SARS-CoV-2),6456,691643,43,7636,494830,1.3,717,267,70.5,36.8,72.3,32.5,59.6
2025-04-23,Brazil,COVID-19 (SARS-CoV-2),7133,698776,42,7678,498796,1.43,731,255,66.7,36.3,72.5,30.6,56.6
2025-04-24,Brazil,COVID-19 (SARS-CoV-2),8962,707738,38,7716,511209,1.75,742,250,64.0,44.7,72.8,32.3,56.1
2025-04-25,Brazil,COVID-19 (SARS-CoV-2),8466,716204,44,7760,507741,1.67,752,250,66.6,38.5,73.0,33.5,59.7
2025-04-26,Brazil,COVID-19 (SARS-CoV-2),7999,724203,34,7794,503889,1.59,793,255,71.4,42.9,73.2,32.7,63.1
2025-04-27,Brazil,COVID-19 (SARS-CoV-2),7585,731788,29,7823,502997,1.51,866,262,68.1,44.3,73.4,31.3,61.4
2025-04-28,Brazil,COVID-19 (SARS-CoV-2),10350,742138,42,7865,518995,1.99,959,262,61.5,44.5,73.6,30.2,53.7
2025-04-29,Brazil,COVID-19 (SARS-CoV-2),12890,755028,44,7909,534740,2.41,1071,269,60.2,51.8,73.9,32.2,55.2
2025-04-30,Brazil,COVID-19 (SARS-CoV-2),13609,768637,48,7957,538871,2.53,1168,284,59.1,59.6,74.1,31.7,60.8
2025-05-01,Brazil,COVID-19 (SARS-CoV-2),14660,783297,59,8016,543719,2.7,1248,304,52.6,63.1,74.3,32.3,54.8
2025-05-02,Brazil,COVID-19 (SARS-CoV-2),14160,797457,58,8074,540987,2.62,1307,336,58.7,55.3,74.4,31.9,56.8
2025-05-03,Brazil,COVID-19 (SARS-CoV-2),14496,811953,48,8122,544311,2.66,1424,366,57.8,56.6,74.6,32.4,58.9
2025-05-04,Brazil,COVID-19 (SARS-CoV-2),11508,823461,45,8167,526246,2.19,1600,396,64.2,48.2,74.8,30.0,54.1
2025-05-05,Brazil,COVID-19 (SARS-CoV-2),18475,841936,61,8228,567417,3.26,1795,419,56.0,65.6,75.0,32.7,57.1
2025-05-06,Brazil,COVID-19 (SARS-CoV-2),21203,863139,63,8291,583923,3.63,1986,455,50.5,74.9,75.2,30.9,52.6
2025-05-07,Brazil,COVID-19 (SARS-CoV-2),18417,881556,75,8366,568367,3.24,2142,503,51.9,66.4,75.3,33.7,54.6
2025-05-08,Brazil,COVID-19 (SARS-CoV-2),19668,901224,119,8485,574004,3.43,2291,552,48.3,70.8,75.5,29.4,57.2
2025-05-09,Brazil,COVID-19 (SARS-CoV-2),21190,922414,115,8600,584275,3.63,2343,607,53.4,77.5,75.6,33.0,51.2
2025-05-10,Brazil,COVID-19 (SARS-CoV-2),17623,940037,94,8694,562123,3.14,2546,661,53.7,67.8,75.8,30.6,57.1
2025-05-11,Brazil,COVID-19 (SARS-CoV-2),14963,955000,95,8789,546148,2.74,2813,718,57.6,63.9,75.9,29.2,55.5
2025-05-12,Brazil,COVID-19 (SARS-CoV-2),22726,977726,127,8916,594042,3.83,3032,752,45.9,79.2,76.1,29.4,57.0
2025-05-13,Brazil,COVID-19 (SARS-CoV-2),21487,999213,193,9109,586335,3.66,3221,818,48.2,81.5,76.2,29.6,55.8
2025-05-14,Brazil,COVID-19 (SARS-CoV-2),23810,1023023,178,9287,600261,3.97,3389,894,44.0,84.8,76.3,30.6,59.1
2025-05-15,Brazil,COVID-19 (SARS-CoV-2),21957,1044980,174,9461,589635,3.72,3470,946,46.0,79.8,76.5,30.6,55.2
2025-05-16,Brazil,COVID-19 (SARS-CoV-2),25366,1070346,157,9618,608805,4.17,3476,1007,40.9,92.0,76.6,28.9,53.3
2025-05-17,Brazil,COVID-19 (SARS-CoV-2),18418,1088764,152,9770,567777,3.24,3650,1079,52.3,66.1,76.7,29.6,54.8
2025-05-18,Brazil,COVID-19 (SARS-CoV-2),16607,1105371,140,9910,555919,2.99,3792,1133,54.0,65.2,76.8,32.8,55.9
2025-05-19,Brazil,COVID-19 (SARS-CoV-2),23515,1128886,208,10118,598002,3.93,4041,1159,43.3,85.0,77.0,32.1,54.2
2025-05-20,Brazil,COVID-19 (SARS-CoV-2),20320,1149206,225,10343,578377,3.51,4111,1212,49.8,76.6,77.1,30.0,54.0
2025-05-21,Brazil,COVID-19 (SARS-CoV-2),21653,1170859,210,10553,586602,3.69,4195,1255,47.1,79.9,77.2,29.3,51.6
2025-05-22,Brazil,COVID-19 (SARS-CoV-2),22316,1193175,216,10769,591079,3.78,4195,1305,49.6,88.3,77.3,29.3,51.5
2025-05-23,Brazil,COVID-19 (SARS-CoV-2),18020,1211195,289,11058,563889,3.2,4133,1347,47.7,66.4,77.4,30.0,49.2
2025-05-24,Brazil,COVID-19 (SARS-CoV-2),16206,1227401,226,11284,555916,2.92,4181,1406,57.9,61.3,77.5,27.4,58.5
2025-05-25,Brazil,COVID-19 (SARS-CoV-2),13766,1241167,179,11463,538177,2.56,4235,1444,61.9,53.8,77.6,28.4,49.3
2025-05-26,Brazil,COVID-19 (SARS-CoV-2),18133,1259300,305,11768,564171,3.21,4371,1434,48.7,66.9,77.7,26.2,50.8
2025-05-27,Brazil,COVID-19 (SARS-CoV-2),15145,1274445,259,12027,548616,2.76,4362,1446,56.6,57.9,77.7,29.2,50.6
2025-05-28,Brazil,COVID-19 (SARS-CoV-2),14156,1288601,266,12293,542315,2.61,4292,1457,58.1,60.4,77.8,29.5,55.3
2025-05-29,Brazil,COVID-19 (SARS-CoV-2),14827,1303428,296,12589,546174,2.71,4138,1468,55.0,63.1,77.9,27.7,51.6
2025-05-30,Brazil,COVID-19 (SARS-CoV-2),13615,1317043,318,12907,538906,2.53,3972,1474,58.0,53.5,78.0,30.6,56.1
2025-05-31,Brazil,COVID-19 (SARS-CoV-2),10535,1327578,203,13110,519785,2.03,3826,1476,62.0,43.7,78.1,26.3,50.2
2025-06-01,Brazil,COVID-19 (SARS-CoV-2),8652,1336230,196,13306,507602,1.7,3760,1483,70.5,42.0,78.1,25.8,52.9
2025-06-02,Brazil,COVID-19 (SARS-CoV-2),10034,1346264,262,13568,516867,1.94,3710,1434,66.8,43.0,78.2,28.2,49.4
2025-06-03,Brazil,COVID-19 (SARS-CoV-2),9677,1355941,217,13785,513972,1.88,3534,1416,68.0,45.5,78.3,29.4,58.2
2025-06-04,Brazil,COVID-19 (SARS-CoV-2),8819,1364760,279,14064,510477,1.73,3398,1368,68.2,41.7,78.3,30.2,48.1
2025-06-05,Brazil,COVID-19 (SARS-CoV-2),7498,1372258,309,14373,501428,1.5,3173,1326,66.5,32.6,78.4,26.9,52.5
2025-06-06,Brazil,COVID-19 (SARS-CoV-2),7837,1380095,192,14565,502784,1.56,2896,1269,67.2,42.8,78.5,29.0,53.3
2025-06-07,Brazil,COVID-19 (SARS-CoV-2),5441,1385536,203,14768,488912,1.11,2735,1242,72.8,36.5,78.5,27.2,52.6
2025-06-08,Brazil,COVID-19 (SARS-CoV-2),3883,1389419,157,14925,480298,0.81,2602,1209,71.7,24.6,78.6,26.9,50.7
2025-06-09,Brazil,COVID-19 (SARS-CoV-2),5198,1394617,209,15134,487212,1.07,2502,1128,73.6,29.2,78.6,28.4,50.7
2025-06-10,Brazil,COVID-19 (SARS-CoV-2),4166,1398783,173,15307,480761,0.87,2287,1072,73.3,28.2,78.7,27.9,51.2
2025-06-11,Brazil,COVID-19 (SARS-CoV-2),4086,1402869,158,15465,481347,0.85,2139,1007,73.1,28.1,78.7,24.4,50.5
2025-06-12,Brazil,COVID-19 (SARS-CoV-2),3668,1406537,179,15644,478840,0.77,1962,934,75.9,27.8,78.8,28.9,53.7
2025-06-13,Brazil,COVID-19 (SARS-CoV-2),2858,1409395,153,15797,473229,0.6,1741,876,76.6,29.5,78.8,28.6,57.4
2025-06-14,Brazil,COVID-19 (SARS-CoV-2),2332,1411727,129,15926,470108,0.5,1570,831,75.8,21.4,78.9,25.4,49.0
2025-06-15,Brazil,COVID-19 (SARS-CoV-2),1749,1413476,103,16029,467314,0.37,1441,786,79.7,17.8,78.9,26.8,46.5
2025-06-16,Brazil,COVID-19 (SARS-CoV-2),2107,1415583,118,16147,467781,0.45,1349,708,74.7,17.1,79.0,26.9,50.3
2025-06-17,Brazil,COVID-19 (SARS-CoV-2),1955,1417538,108,16255,466910,0.42,1220,654,78.3,18.6,79.0,26.4,58.2
2025-06-18,Brazil,COVID-19 (SARS-CoV-2),1515,1419053,101,16356,464959,0.33,1082,599,78.9,19.4,79.0,25.0,48.0
2025-06-19,Brazil,COVID-19 (SARS-CoV-2),1290,1420343,95,16451,464114,0.28,951,541,77.4,24.2,79.1,24.7,55.3
2025-06-20,Brazil,COVID-19 (SARS-CoV-2),1130,1421473,98,16549,463678,0.24,834,487,79.0,16.8,79.1,25.5,55.3
2025-06-21,Brazil,COVID-19 (SARS-CoV-2),847,1422320,60,16609,463145,0.18,718,445,76.2,18.2,79.1,27.2,48.6
2025-06-22,Brazil,COVID-19 (SARS-CoV-2),705,1423025,47,16656,461675,0.15,648,411,80.8,17.0,79.2,26.1,51.9
2025-06-23,Brazil,COVID-19 (SARS-CoV-2),882,1423907,66,16722,461720,0.19,600,365,78.3,21.2,79.2,24.6,55.0
2025-06-24,Brazil,COVID-19 (SARS-CoV-2),806,1424713,43,16765,461404,0.17,520,324,77.7,25.0,79.2,26.2,49.0
2025-06-25,Brazil,COVID-19 (SARS-CoV-2),773,1425486,51,16816,460223,0.17,459,287,80.9,15.7,79.3,20.6,49.5
2025-06-26,Brazil,COVID-19 (SARS-CoV-2),693,1426179,42,16858,460727,0.15,393,254,77.6,15.6,79.3,26.5,48.3
2025-06-27,Brazil,COVID-19 (SARS-CoV-2),718,1426897,36,16894,460607,0.16,333,219,76.1,20.3,79.3,22.0,47.0
2025-06-28,Brazil,COVID-19 (SARS-CoV-2),525,1427422,26,16920,460060,0.11,293,195,76.1,18.6,79.3,23.9,48.1
2025-06-29,Brazil,COVID-19 (SARS-CoV-2),537,1427959,18,16938,458982,0.12,262,179,80.4,22.1,79.4,22.7,46.3
2025-01-01,Brazil,Dengue Virus (DEN-1-4),529,529,0,0,460387,0.11,0,0,76.0,12.7,46.4,24.9,76.1
2025-01-02,Brazil,Dengue Virus (DEN-1-4),531,1060,0,0,458916,0.12,0,0,79.3,21.8,46.4,23.6,83.5
2025-01-03,Brazil,Dengue Virus (DEN-1-4),580,1640,0,0,458997,0.13,0,0,79.7,10.5,46.5,25.2,78.6
2025-01-04,Brazil,Dengue Virus (DEN-1-4),532,2172,0,0,460262,0.12,0,0,77.4,21.7,46.5,26.1,81.0
2025-01-05,Brazil,Dengue Virus (DEN-1-4),443,2615,0,0,459022,0.1,0,0,80.6,16.9,46.6,25.8,79.8
2025-01-06,Brazil,Dengue Virus (DEN-1-4),622,3237,0,0,461034,0.13,15,0,75.7,16.5,46.7,25.5,81.4
2025-01-07,Brazil,Dengue Virus (DEN-1-4),718,3955,0,0,461369,0.16,31,0,78.8,15.5,46.7,26.4,80.1
2025-01-08,Brazil,Dengue Virus (DEN-1-4),714,4669,0,0,460799,0.15,47,0,76.5,18.3,46.8,26.7,76.0
2025-01-09,Brazil,Dengue Virus (DEN-1-4),691,5360,0,0,459887,0.15,63,2,77.7,16.9,46.9,27.2,82.8
2025-01-10,Brazil,Dengue Virus (DEN-1-4),764,6124,0,0,459657,0.17,76,5,79.0,20.6,46.9,26.2,78.3
2025-01-11,Brazil,Dengue Virus (DEN-1-4),628,6752,0,0,459909,0.14,94,8,77.3,17.2,47.0,25.1,75.1
2025-01-12,Brazil,Dengue Virus (DEN-1-4),580,7332,0,0,460924,0.13,115,11,78.4,17.2,47.1,25.7,78.4
2025-01-13,Brazil,Dengue Virus (DEN-1-4),851,8183,0,0,461908,0.18,136,14,80.7,16.4,47.2,27.5,84.2
2025-01-14,Brazil,Dengue Virus (DEN-1-4),776,8959,0,0,459998,0.17,156,17,77.7,17.1,47.3,24.6,82.2
2025-01-15,Brazil,Dengue Virus (DEN-1-4),823,9782,4,4,461699,0.18,179,21,80.4,18.4,47.3,26.5,78.5
2025-01-16,Brazil,Dengue Virus (DEN-1-4),931,10713,5,9,462559,0.2,182,25,76.3,12.6,47.4,25.5,78.4
2025-01-17,Brazil,Dengue Virus (DEN-1-4),952,11665,5,14,461416,0.21,183,28,79.6,13.8,47.5,26.2,78.5
2025-01-18,Brazil,Dengue Virus (DEN-1-4),912,12577,4,18,462213,0.2,191,32,81.5,19.9,47.6,28.2,85.6
2025-01-19,Brazil,Dengue Virus (DEN-1-4),794,13371,4,22,461410,0.17,198,36,73.9,17.9,47.7,26.7,80.4
2025-01-20,Brazil,Dengue Virus (DEN-1-4),1097,14468,5,27,462027,0.24,209,39,76.8,17.7,47.8,26.7,80.5
2025-01-21,Brazil,Dengue Virus (DEN-1-4),1387,15855,6,33,465267,0.3,218,43,79.1,19.2,47.9,24.7,82.2
2025-01-22,Brazil,Dengue Virus (DEN-1-4),1341,17196,6,39,465194,0.29,225,45,77.6,20.0,48.0,28.0,79.7
2025-01-23,Brazil,Dengue Virus (DEN-1-4),1461,18657,6,45,466437,0.31,231,46,78.6,17.7,48.1,27.9,78.1
2025-01-24,Brazil,Dengue Virus (DEN-1-4),1427,20084,6,51,466203,0.31,234,48,76.7,16.9,48.3,30.3,78.2
2025-01-25,Brazil,Dengue Virus (DEN-1-4),1361,21445,5,56,463376,0.29,244,50,78.1,19.6,48.4,26.8,78.5
2025-01-26,Brazil,Dengue Virus (DEN-1-4),1353,22798,5,61,463768,0.29,266,53,77.7,16.1,48.5,27.7,78.5
2025-01-27,Brazil,Dengue Virus (DEN-1-4),1820,24618,8,69,468023,0.39,288,54,79.6,21.6,48.6,27.9,80.7
2025-01-28,Brazil,Dengue Virus (DEN-1-4),2163,26781,7,76,470079,0.46,306,56,77.3,16.3,48.8,30.0,78.5
2025-01-29,Brazil,Dengue Virus (DEN-1-4),2210,28991,8,84,470363,0.47,325,59,77.4,24.6,48.9,27.6,80.5
2025-01-30,Brazil,Dengue Virus (DEN-1-4),2443,31434,7,91,475098,0.51,341,63,75.5,23.6,49.1,28.3,77.9
2025-01-31,Brazil,Dengue Virus (DEN-1-4),2601,34035,8,99,472764,0.55,353,67,75.1,23.5,49.2,28.9,78.3
2025-02-01,Brazil,Dengue Virus (DEN-1-4),2728,36763,7,106,474091,0.58,378,71,75.0,26.0,49.3,28.4,71.9
2025-02-02,Brazil,Dengue Virus (DEN-1-4),2361,39124,7,113,471708,0.5,415,75,77.3,27.0,49.5,27.5,80.5
2025-02-03,Brazil,Dengue Virus (DEN-1-4),3232,42356,8,121,476631,0.68,456,78,74.3,27.6,49.7,28.6,78.7
2025-02-04,Brazil,Dengue Virus (DEN-1-4),3928,46284,10,131,479840,0.82,496,83,74.7,21.1,49.8,30.1,80.5
2025-02-05,Brazil,Dengue Virus (DEN-1-4),3758,50042,10,141,479894,0.78,531,91,78.5,22.3,50.0,27.0,68.6
2025-02-06,Brazil,Dengue Virus (DEN-1-4),4443,54485,10,151,482473,0.92,572,98,75.1,26.3,50.2,28.9,83.4
2025-02-07,Brazil,Dengue Virus (DEN-1-4),4184,58669,11,162,481455,0.87,598,106,73.1,27.4,50.4,27.7,76.6
2025-02-08,Brazil,Dengue Virus (DEN-1-4),3945,62614,10,172,479772,0.82,651,115,76.5,28.2,50.5,30.7,80.2
2025-02-09,Brazil,Dengue Virus (DEN-1-4),4140,66754,11,183,481509,0.86,726,125,73.0,25.1,50.7,26.7,73.6
2025-02-10,Brazil,Dengue Virus (DEN-1-4),6182,72936,15,198,495994,1.25,796,132,66.7,33.8,50.9,28.3,78.4
2025-02-11,Brazil,Dengue Virus (DEN-1-4),6413,79349,20,218,493198,1.3,873,142,68.4,31.7,51.1,29.8,73.2
2025-02-12,Brazil,Dengue Virus (DEN-1-4),6745,86094,19,237,497744,1.36,932,155,66.2,33.1,51.3,31.7,74.3
2025-02-13,Brazil,Dengue Virus (DEN-1-4),7119,93213,19,256,497689,1.43,983,168,68.6,31.8,51.5,29.3,81.8
2025-02-14,Brazil,Dengue Virus (DEN-1-4),7035,100248,19,275,498326,1.41,1033,184,69.5,33.0,51.8,28.7,75.3
2025-02-15,Brazil,Dengue Virus (DEN-1-4),6574,106822,23,298,497120,1.32,1137,199,73.5,30.4,52.0,32.4,76.3
2025-02-16,Brazil,Dengue Virus (DEN-1-4),6273,113095,17,315,494290,1.27,1245,213,71.3,30.6,52.2,27.5,78.1
2025-02-17,Brazil,Dengue Virus (DEN-1-4),9756,122851,30,345,514046,1.9,1373,225,64.9,47.0,52.4,26.5,76.8
2025-02-18,Brazil,Dengue Virus (DEN-1-4),9864,132715,34,379,515056,1.92,1487,247,66.9,41.3,52.7,30.6,75.6
2025-02-19,Brazil,Dengue Virus (DEN-1-4),9079,141794,29,408,511741,1.77,1578,270,62.0,49.7,52.9,29.2,76.0
2025-02-20,Brazil,Dengue Virus (DEN-1-4),10843,152637,31,439,520915,2.08,1660,293,64.2,48.5,53.2,28.6,81.9
2025-02-21,Brazil,Dengue Virus (DEN-1-4),10854,163491,37,476,521928,2.08,1714,317,65.3,47.6,53.4,31.2,74.4
2025-02-22,Brazil,Dengue Virus (DEN-1-4),9304,172795,31,507,512457,1.82,1877,340,63.1,39.9,53.7,30.6,74.9
2025-02-23,Brazil,Dengue Virus (DEN-1-4),9254,182049,36,543,511460,1.81,2050,363,68.4,44.5,54.0,29.5,77.3
2025-02-24,Brazil,Dengue Virus (DEN-1-4),13211,195260,43,586,537997,2.46,2194,379,60.9,52.3,54.2,28.5,77.2
2025-02-25,Brazil,Dengue Virus (DEN-1-4),13561,208821,49,635,538587,2.52,2331,410,58.9,55.5,54.5,31.8,77.3
2025-02-26,Brazil,Dengue Virus (DEN-1-4),12553,221374,54,689,529880,2.37,2461,443,62.5,59.8,54.8,31.6,75.4
2025-02-27,Brazil,Dengue Virus (DEN-1-4),13313,234687,57,746,536652,2.48,2536,468,64.6,54.1,55.1,30.5,69.8
2025-02-28,Brazil,Dengue Virus (DEN-1-4),14152,248839,54,800,540838,2.62,2598,503,59.2,60.3,55.4,33.5,78.0
2025-03-01,Brazil,Dengue Virus (DEN-1-4),12556,261395,55,855,532776,2.36,2779,540,61.7,50.0,55.7,29.2,69.4
2025-03-02,Brazil,Dengue Virus (DEN-1-4),10383,271778,46,901,518093,2.0,2983,568,63.5,45.6,56.0,28.6,73.5
2025-03-03,Brazil,Dengue Virus (DEN-1-4),14427,286205,77,978,543035,2.66,3167,585,56.7,63.0,56.3,29.9,70.1
2025-03-04,Brazil,Dengue Virus (DEN-1-4),13766,299971,80,1058,539688,2.55,3271,621,61.0,53.8,56.6,31.0,72.0
2025-03-05,Brazil,Dengue Virus (DEN-1-4),13790,313761,76,1134,540193,2.55,3396,658,57.6,61.2,56.9,31.5,72.9
2025-03-06,Brazil,Dengue Virus (DEN-1-4),15651,329412,92,1226,549293,2.85,3498,687,56.7,63.4,57.2,30.8,72.7
2025-03-07,Brazil,Dengue Virus (DEN-1-4),16161,345573,79,1305,553219,2.92,3484,720,54.8,61.1,57.5,31.7,72.7
2025-03-08,Brazil,Dengue Virus (DEN-1-4),12451,358024,65,1370,530819,2.35,3589,761,62.3,53.7,57.8,29.4,76.1
2025-03-09,Brazil,Dengue Virus (DEN-1-4),11696,369720,82,1452,526110,2.22,3719,795,63.1,52.5,58.2,33.5,72.4
2025-03-10,Brazil,Dengue Virus (DEN-1-4),15055,384775,108,1560,548683,2.74,3852,798,59.5,61.4,58.5,31.3,70.0
2025-03-11,Brazil,Dengue Virus (DEN-1-4),14013,398788,102,1662,541070,2.59,3923,823,58.0,51.7,58.8,33.1,73.4
2025-03-12,Brazil,Dengue Virus (DEN-1-4),14688,413476,113,1775,543455,2.7,3999,848,57.5,56.2,59.2,32.0,73.8
2025-03-13,Brazil,Dengue Virus (DEN-1-4),15439,428915,107,1882,550139,2.81,3997,864,54.9,59.9,59.5,32.2,66.3
2025-03-14,Brazil,Dengue Virus (DEN-1-4),13825,442740,124,2006,541660,2.55,3949,889,58.4,55.7,59.9,32.4,71.6
2025-03-15,Brazil,Dengue Virus (DEN-1-4),12412,455152,101,2107,532092,2.33,3976,926,62.2,53.6,60.2,32.3,71.6
2025-03-16,Brazil,Dengue Virus (DEN-1-4),8258,463410,97,2204,504616,1.64,4018,943,69.1,39.9,60.6,32.6,68.4
2025-03-17,Brazil,Dengue Virus (DEN-1-4),13443,476853,132,2336,536761,2.5,4144,935,58.0,50.7,60.9,33.7,73.2
2025-03-18,Brazil,Dengue Virus (DEN-1-4),12470,489323,108,2444,532674,2.34,4174,943,63.1,53.0,61.3,32.0,68.3
2025-03-19,Brazil,Dengue Virus (DEN-1-4),11761,501084,119,2563,526446,2.23,4175,951,65.1,51.6,61.6,32.8,68.9
2025-03-20,Brazil,Dengue Virus (DEN-1-4),11590,512674,132,2695,526571,2.2,4135,958,63.5,50.9,62.0,31.7,67.8
2025-03-21,Brazil,Dengue Virus (DEN-1-4),9742,522416,143,2838,515814,1.89,3919,965,69.2,47.0,62.3,34.0,68.1
2025-03-22,Brazil,Dengue Virus (DEN-1-4),8753,531169,92,2930,508179,1.72,3839,972,65.3,43.4,62.7,30.8,64.5
2025-03-23,Brazil,Dengue Virus (DEN-1-4),7661,538830,99,3029,502494,1.52,3840,983,66.0,39.0,63.0,34.6,63.2
2025-03-24,Brazil,Dengue Virus (DEN-1-4),10457,549287,131,3160,516088,2.03,3842,950,60.8,45.7,63.4,31.8,72.0
2025-03-25,Brazil,Dengue Virus (DEN-1-4),8829,558116,96,3256,508537,1.74,3741,948,69.8,36.1,63.7,29.8,64.5
2025-03-26,Brazil,Dengue Virus (DEN-1-4),8202,566318,106,3362,505547,1.62,3616,941,69.0,40.5,64.1,32.1,63.8
2025-03-27,Brazil,Dengue Virus (DEN-1-4),7889,574207,103,3465,502674,1.57,3442,920,68.1,38.9,64.4,30.9,60.0
2025-03-28,Brazil,Dengue Virus (DEN-1-4),8077,582284,108,3573,506682,1.59,3215,896,68.5,39.7,64.8,33.2,64.3
2025-03-29,Brazil,Dengue Virus (DEN-1-4),6145,588429,105,3678,492027,1.25,3116,881,68.5,29.3,65.1,31.0,62.0
2025-03-30,Brazil,Dengue Virus (DEN-1-4),4847,593276,74,3752,485229,1.0,3011,865,77.6,26.1,65.4,31.3,70.6
2025-03-31,Brazil,Dengue Virus (DEN-1-4),6501,599777,108,3860,495724,1.31,3010,826,70.5,37.4,65.8,29.2,68.5
2025-04-01,Brazil,Dengue Virus (DEN-1-4),5929,605706,113,3973,493603,1.2,2847,807,71.3,32.4,66.1,31.3,63.1
2025-04-02,Brazil,Dengue Virus (DEN-1-4),5825,611531,84,4057,490102,1.19,2719,775,72.7,34.3,66.5,28.4,71.7
2025-04-03,Brazil,Dengue Virus (DEN-1-4),4926,616457,80,4137,487307,1.01,2554,736,73.6,29.6,66.8,29.6,67.6
2025-04-04,Brazil,Dengue Virus (DEN-1-4),4714,621171,78,4215,484882,0.97,2357,704,73.4,29.0,67.1,33.1,63.4
2025-04-05,Brazil,Dengue Virus (DEN-1-4),3687,624858,72,4287,477728,0.77,2262,681,72.9,28.7,67.4,33.2,56.7
2025-04-06,Brazil,Dengue Virus (DEN-1-4),2870,627728,61,4348,474270,0.61,2180,670,76.6,21.9,67.8,32.6,70.8
2025-04-07,Brazil,Dengue Virus (DEN-1-4),4074,631802,70,4418,481231,0.85,2126,624,77.7,27.3,68.1,30.5,59.5
2025-04-08,Brazil,Dengue Virus (DEN-1-4),3868,635670,70,4488,479195,0.81,1964,592,76.9,25.0,68.4,31.9,58.4
2025-04-09,Brazil,Dengue Virus (DEN-1-4),3656,639326,59,4547,478593,0.76,1844,561,77.7,24.5,68.7,31.9,66.2
2025-04-10,Brazil,Dengue Virus (DEN-1-4),3496,642822,66,4613,477178,0.73,1712,530,73.7,24.4,69.0,30.2,70.2
2025-04-11,Brazil,Dengue Virus (DEN-1-4),3186,646008,67,4680,475817,0.67,1565,504,73.2,25.1,69.3,34.2,66.8
2025-04-12,Brazil,Dengue Virus (DEN-1-4),2833,648841,45,4725,474248,0.6,1448,482,75.5,21.9,69.6,33.2,64.0
2025-04-13,Brazil,Dengue Virus (DEN-1-4),2549,651390,37,4762,473468,0.54,1381,461,76.3,26.3,69.9,31.5,63.9
2025-04-14,Brazil,Dengue Virus (DEN-1-4),3421,654811,48,4810,475876,0.72,1346,420,77.1,22.4,70.2,31.9,64.4
2025-04-15,Brazil,Dengue Virus (DEN-1-4),3703,658514,47,4857,480939,0.77,1259,395,71.1,25.4,70.5,32.1,63.9
2025-04-16,Brazil,Dengue Virus (DEN-1-4),4039,662553,50,4907,478869,0.84,1178,371,77.0,25.6,70.7,28.7,62.2
2025-04-17,Brazil,Dengue Virus (DEN-1-4),4683,667236,36,4943,484534,0.97,1091,349,72.7,33.2,71.0,31.4,61.4
2025-04-18,Brazil,Dengue Virus (DEN-1-4),4580,671816,39,4982,484656,0.95,1021,324,72.3,29.1,71.3,30.7,60.6
2025-04-19,Brazil,Dengue Virus (DEN-1-4),4188,676004,28,5010,481996,0.87,983,308,71.7,30.5,71.5,30.1,58.3
2025-04-20,Brazil,Dengue Virus (DEN-1-4),3973,679977,22,5032,479803,0.83,984,297,70.7,22.3,71.8,31.2,59.5
2025-04-21,Brazil,Dengue Virus (DEN-1-4),5210,685187,32,5064,487639,1.07,1018,276,73.8,31.2,72.1,34.3,55.0
2025-04-22,Brazil,Dengue Virus (DEN-1-4),6456,691643,28,5092,494830,1.3,1036,263,70.5,36.8,72.3,32.5,59.6
2025-04-23,Brazil,Dengue Virus (DEN-1-4),7133,698776,28,5120,498796,1.43,1057,251,66.7,36.3,72.5,30.6,56.6
2025-04-24,Brazil,Dengue Virus (DEN-1-4),8962,707738,25,5145,511209,1.75,1072,247,64.0,44.7,72.8,32.3,56.1
2025-04-25,Brazil,Dengue Virus (DEN-1-4),8466,716204,29,5174,507741,1.67,1086,247,66.6,38.5,73.0,33.5,59.7
2025-04-26,Brazil,Dengue Virus (DEN-1-4),7999,724203,23,5197,503889,1.59,1145,251,71.4,42.9,73.2,32.7,63.1
2025-04-27,Brazil,Dengue Virus (DEN-1-4),7585,731788,19,5216,502997,1.51,1251,258,68.1,44.3,73.4,31.3,61.4
2025-04-28,Brazil,Dengue Virus (DEN-1-4),10350,742138,28,5244,518995,1.99,1386,258,61.5,44.5,73.6,30.2,53.7
2025-04-29,Brazil,Dengue Virus (DEN-1-4),12890,755028,29,5273,534740,2.41,1548,265,60.2,51.8,73.9,32.2,55.2
2025-04-30,Brazil,Dengue Virus (DEN-1-4),13609,768637,32,5305,538871,2.53,1687,280,59.1,59.6,74.1,31.7,60.8
2025-05-01,Brazil,Dengue Virus (DEN-1-4),14660,783297,39,5344,543719,2.7,1803,300,52.6,63.1,74.3,32.3,54.8
2025-05-02,Brazil,Dengue Virus (DEN-1-4),14160,797457,39,5383,540987,2.62,1888,331,58.7,55.3,74.4,31.9,56.8
2025-05-03,Brazil,Dengue Virus (DEN-1-4),14496,811953,32,5415,544311,2.66,2056,361,57.8,56.6,74.6,32.4,58.9
2025-05-04,Brazil,Dengue Virus (DEN-1-4),11508,823461,30,5445,526246,2.19,2311,390,64.2,48.2,74.8,30.0,54.1
2025-05-05,Brazil,Dengue Virus (DEN-1-4),18475,841936,41,5486,567417,3.26,2593,412,56.0,65.6,75.0,32.7,57.1
2025-05-06,Brazil,Dengue Virus (DEN-1-4),21203,863139,42,5528,583923,3.63,2869,448,50.5,74.9,75.2,30.9,52.6
2025-05-07,Brazil,Dengue Virus (DEN-1-4),18417,881556,50,5578,568367,3.24,3095,495,51.9,66.4,75.3,33.7,54.6
2025-05-08,Brazil,Dengue Virus (DEN-1-4),19668,901224,80,5658,574004,3.43,3310,543,48.3,70.8,75.5,29.4,57.2
2025-05-09,Brazil,Dengue Virus (DEN-1-4),21190,922414,77,5735,584275,3.63,3384,597,53.4,77.5,75.6,33.0,51.2
2025-05-10,Brazil,Dengue Virus (DEN-1-4),17623,940037,63,5798,562123,3.14,3677,651,53.7,67.8,75.8,30.6,57.1
2025-05-11,Brazil,Dengue Virus (DEN-1-4),14963,955000,63,5861,546148,2.74,4063,707,57.6,63.9,75.9,29.2,55.5
2025-05-12,Brazil,Dengue Virus (DEN-1-4),22726,977726,85,5946,594042,3.83,4380,741,45.9,79.2,76.1,29.4,57.0
2025-05-13,Brazil,Dengue Virus (DEN-1-4),21487,999213,129,6075,586335,3.66,4653,805,48.2,81.5,76.2,29.6,55.8
2025-05-14,Brazil,Dengue Virus (DEN-1-4),23810,1023023,119,6194,600261,3.97,4896,881,44.0,84.8,76.3,30.6,59.1
2025-05-15,Brazil,Dengue Virus (DEN-1-4),21957,1044980,116,6310,589635,3.72,5013,932,46.0,79.8,76.5,30.6,55.2
2025-05-16,Brazil,Dengue Virus (DEN-1-4),25366,1070346,105,6415,608805,4.17,5022,992,40.9,92.0,76.6,28.9,53.3
2025-05-17,Brazil,Dengue Virus (DEN-1-4),18418,1088764,101,6516,567777,3.24,5272,1062,52.3,66.1,76.7,29.6,54.8
2025-05-18,Brazil,Dengue Virus (DEN-1-4),16607,1105371,94,6610,555919,2.99,5477,1116,54.0,65.2,76.8,32.8,55.9
2025-05-19,Brazil,Dengue Virus (DEN-1-4),23515,1128886,139,6749,598002,3.93,5837,1141,43.3,85.0,77.0,32.1,54.2
2025-05-20,Brazil,Dengue Virus (DEN-1-4),20320,1149206,150,6899,578377,3.51,5939,1194,49.8,76.6,77.1,30.0,54.0
2025-05-21,Brazil,Dengue Virus (DEN-1-4),21653,1170859,140,7039,586602,3.69,6060,1236,47.1,79.9,77.2,29.3,51.6
2025-05-22,Brazil,Dengue Virus (DEN-1-4),22316,1193175,144,7183,591079,3.78,6060,1285,49.6,88.3,77.3,29.3,51.5
2025-05-23,Brazil,Dengue Virus (DEN-1-4),18020,1211195,192,7375,563889,3.2,5971,1327,47.7,66.4,77.4,30.0,49.2
2025-05-24,Brazil,Dengue Virus (DEN-1-4),16206,1227401,151,7526,555916,2.92,6039,1385,57.9,61.3,77.5,27.4,58.5
2025-05-25,Brazil,Dengue Virus (DEN-1-4),13766,1241167,120,7646,538177,2.56,6118,1422,61.9,53.8,77.6,28.4,49.3
2025-05-26,Brazil,Dengue Virus (DEN-1-4),18133,1259300,203,7849,564171,3.21,6313,1412,48.7,66.9,77.7,26.2,50.8
2025-05-27,Brazil,Dengue Virus (DEN-1-4),15145,1274445,173,8022,548616,2.76,6301,1425,56.6,57.9,77.7,29.2,50.6
2025-05-28,Brazil,Dengue Virus (DEN-1-4),14156,1288601,177,8199,542315,2.61,6200,1435,58.1,60.4,77.8,29.5,55.3
2025-05-29,Brazil,Dengue Virus (DEN-1-4),14827,1303428,197,8396,546174,2.71,5978,1445,55.0,63.1,77.9,27.7,51.6
2025-05-30,Brazil,Dengue Virus (DEN-1-4),13615,1317043,212,8608,538906,2.53,5738,1451,58.0,53.5,78.0,30.6,56.1
2025-05-31,Brazil,Dengue Virus (DEN-1-4),10535,1327578,135,8743,519785,2.03,5526,1454,62.0,43.7,78.1,26.3,50.2
2025-06-01,Brazil,Dengue Virus (DEN-1-4),8652,1336230,131,8874,507602,1.7,5431,1460,70.5,42.0,78.1,25.8,52.9
2025-06-02,Brazil,Dengue Virus (DEN-1-4),10034,1346264,175,9049,516867,1.94,5359,1412,66.8,43.0,78.2,28.2,49.4
2025-06-03,Brazil,Dengue Virus (DEN-1-4),9677,1355941,145,9194,513972,1.88,5105,1394,68.0,45.5,78.3,29.4,58.2
2025-06-04,Brazil,Dengue Virus (DEN-1-4),8819,1364760,186,9380,510477,1.73,4909,1348,68.2,41.7,78.3,30.2,48.1
2025-06-05,Brazil,Dengue Virus (DEN-1-4),7498,1372258,206,9586,501428,1.5,4584,1306,66.5,32.6,78.4,26.9,52.5
2025-06-06,Brazil,Dengue Virus (DEN-1-4),7837,1380095,128,9714,502784,1.56,4184,1249,67.2,42.8,78.5,29.0,53.3
2025-06-07,Brazil,Dengue Virus (DEN-1-4),5441,1385536,135,9849,488912,1.11,3950,1224,72.8,36.5,78.5,27.2,52.6
2025-06-08,Brazil,Dengue Virus (DEN-1-4),3883,1389419,104,9953,480298,0.81,3759,1191,71.7,24.6,78.6,26.9,50.7
2025-06-09,Brazil,Dengue Virus (DEN-1-4),5198,1394617,139,10092,487212,1.07,3615,1111,73.6,29.2,78.6,28.4,50.7
2025-06-10,Brazil,Dengue Virus (DEN-1-4),4166,1398783,115,10207,480761,0.87,3304,1056,73.3,28.2,78.7,27.9,51.2
2025-06-11,Brazil,Dengue Virus (DEN-1-4),4086,1402869,105,10312,481347,0.85,3090,992,73.1,28.1,78.7,24.4,50.5
2025-06-12,Brazil,Dengue Virus (DEN-1-4),3668,1406537,119,10431,478840,0.77,2835,920,75.9,27.8,78.8,28.9,53.7
2025-06-13,Brazil,Dengue Virus (DEN-1-4),2858,1409395,102,10533,473229,0.6,2515,863,76.6,29.5,78.8,28.6,57.4
2025-06-14,Brazil,Dengue Virus (DEN-1-4),2332,1411727,86,10619,470108,0.5,2269,818,75.8,21.4,78.9,25.4,49.0
2025-06-15,Brazil,Dengue Virus (DEN-1-4),1749,1413476,69,10688,467314,0.37,2082,774,79.7,17.8,78.9,26.8,46.5
2025-06-16,Brazil,Dengue Virus (DEN-1-4),2107,1415583,79,10767,467781,0.45,1949,697,74.7,17.1,79.0,26.9,50.3
2025-06-17,Brazil,Dengue Virus (DEN-1-4),1955,1417538,72,10839,466910,0.42,1762,644,78.3,18.6,79.0,26.4,58.2
2025-06-18,Brazil,Dengue Virus (DEN-1-4),1515,1419053,67,10906,464959,0.33,1563,590,78.9,19.4,79.0,25.0,48.0
2025-06-19,Brazil,Dengue Virus (DEN-1-4),1290,1420343,64,10970,464114,0.28,1373,533,77.4,24.2,79.1,24.7,55.3
2025-06-20,Brazil,Dengue Virus (DEN-1-4),1130,1421473,65,11035,463678,0.24,1205,479,79.0,16.8,79.1,25.5,55.3
2025-06-21,Brazil,Dengue Virus (DEN-1-4),847,1422320,40,11075,463145,0.18,1038,438,76.2,18.2,79.1,27.2,48.6
2025-06-22,Brazil,Dengue Virus (DEN-1-4),705,1423025,31,11106,461675,0.15,936,404,80.8,17.0,79.2,26.1,51.9
2025-06-23,Brazil,Dengue Virus (DEN-1-4),882,1423907,44,11150,461720,0.19,866,360,78.3,21.2,79.2,24.6,55.0
2025-06-24,Brazil,Dengue Virus (DEN-1-4),806,1424713,29,11179,461404,0.17,752,319,77.7,25.0,79.2,26.2,49.0
2025-06-25,Brazil,Dengue Virus (DEN-1-4),773,1425486,34,11213,460223,0.17,663,283,80.9,15.7,79.3,20.6,49.5
2025-06-26,Brazil,Dengue Virus (DEN-1-4),693,1426179,28,11241,460727,0.15,568,250,77.6,15.6,79.3,26.5,48.3
2025-06-27,Brazil,Dengue Virus (DEN-1-4),718,1426897,24,11265,460607,0.16,482,215,76.1,20.3,79.3,22.0,47.0
2025-06-28,Brazil,Dengue Virus (DEN-1-4),525,1427422,18,11283,460060,0.11,424,192,76.1,18.6,79.3,23.9,48.1
2025-06-29,Brazil,Dengue Virus (DEN-1-4),537,1427959,12,11295,458982,0.12,379,176,80.4,22.1,79.4,22.7,46.3
2025-01-01,Brazil,Novel Influenza (H5N1 Flu),529,529,0,0,460387,0.11,0,0,76.0,12.7,46.4,24.9,76.1
2025-01-02,Brazil,Novel Influenza (H5N1 Flu),531,1060,0,0,458916,0.12,0,0,79.3,21.8,46.4,23.6,83.5
2025-01-03,Brazil,Novel Influenza (H5N1 Flu),580,1640,0,0,458997,0.13,0,0,79.7,10.5,46.5,25.2,78.6
2025-01-04,Brazil,Novel Influenza (H5N1 Flu),532,2172,0,0,460262,0.12,0,0,77.4,21.7,46.5,26.1,81.0
2025-01-05,Brazil,Novel Influenza (H5N1 Flu),443,2615,0,0,459022,0.1,0,0,80.6,16.9,46.6,25.8,79.8
2025-01-06,Brazil,Novel Influenza (H5N1 Flu),622,3237,0,0,461034,0.13,17,0,75.7,16.5,46.7,25.5,81.4
2025-01-07,Brazil,Novel Influenza (H5N1 Flu),718,3955,0,0,461369,0.16,35,0,78.8,15.5,46.7,26.4,80.1
2025-01-08,Brazil,Novel Influenza (H5N1 Flu),714,4669,0,0,460799,0.15,55,0,76.5,18.3,46.8,26.7,76.0
2025-01-09,Brazil,Novel Influenza (H5N1 Flu),691,5360,0,0,459887,0.15,73,6,77.7,16.9,46.9,27.2,82.8
2025-01-10,Brazil,Novel Influenza (H5N1 Flu),764,6124,0,0,459657,0.17,88,12,79.0,20.6,46.9,26.2,78.3
2025-01-11,Brazil,Novel Influenza (H5N1 Flu),628,6752,0,0,459909,0.14,109,18,77.3,17.2,47.0,25.1,75.1
2025-01-12,Brazil,Novel Influenza (H5N1 Flu),580,7332,0,0,460924,0.13,133,25,78.4,17.2,47.1,25.7,78.4
2025-01-13,Brazil,Novel Influenza (H5N1 Flu),851,8183,0,0,461908,0.18,157,30,80.7,16.4,47.2,27.5,84.2
2025-01-14,Brazil,Novel Influenza (H5N1 Flu),776,8959,0,0,459998,0.17,180,37,77.7,17.1,47.3,24.6,82.2
2025-01-15,Brazil,Novel Influenza (H5N1 Flu),823,9782,14,14,461699,0.18,206,45,80.4,18.4,47.3,26.5,78.5
2025-01-16,Brazil,Novel Influenza (H5N1 Flu),931,10713,15,29,462559,0.2,210,53,76.3,12.6,47.4,25.5,78.4
2025-01-17,Brazil,Novel Influenza (H5N1 Flu),952,11665,14,43,461416,0.21,211,61,79.6,13.8,47.5,26.2,78.5
2025-01-18,Brazil,Novel Influenza (H5N1 Flu),912,12577,14,57,462213,0.2,220,70,81.5,19.9,47.6,28.2,85.6
2025-01-19,Brazil,Novel Influenza (H5N1 Flu),794,13371,12,69,461410,0.17,229,77,73.9,17.9,47.7,26.7,80.4
2025-01-20,Brazil,Novel Influenza (H5N1 Flu),1097,14468,15,84,462027,0.24,241,84,76.8,17.7,47.8,26.7,80.5
2025-01-21,Brazil,Novel Influenza (H5N1 Flu),1387,15855,18,102,465267,0.3,252,94,79.1,19.2,47.9,24.7,82.2
2025-01-22,Brazil,Novel Influenza (H5N1 Flu),1341,17196,18,120,465194,0.29,260,97,77.6,20.0,48.0,28.0,79.7
2025-01-23,Brazil,Novel Influenza (H5N1 Flu),1461,18657,17,137,466437,0.31,266,100,78.6,17.7,48.1,27.9,78.1
2025-01-24,Brazil,Novel Influenza (H5N1 Flu),1427,20084,18,155,466203,0.31,270,104,76.7,16.9,48.3,30.3,78.2
2025-01-25,Brazil,Novel Influenza (H5N1 Flu),1361,21445,16,171,463376,0.29,281,109,78.1,19.6,48.4,26.8,78.5
2025-01-26,Brazil,Novel Influenza (H5N1 Flu),1353,22798,15,186,463768,0.29,307,115,77.7,16.1,48.5,27.7,78.5
2025-01-27,Brazil,Novel Influenza (H5N1 Flu),1820,24618,24,210,468023,0.39,332,117,79.6,21.6,48.6,27.9,80.7
2025-01-28,Brazil,Novel Influenza (H5N1 Flu),2163,26781,21,231,470079,0.46,353,121,77.3,16.3,48.8,30.0,78.5
2025-01-29,Brazil,Novel Influenza (H5N1 Flu),2210,28991,24,255,470363,0.47,375,129,77.4,24.6,48.9,27.6,80.5
2025-01-30,Brazil,Novel Influenza (H5N1 Flu),2443,31434,22,277,475098,0.51,393,136,75.5,23.6,49.1,28.3,77.9
2025-01-31,Brazil,Novel Influenza (H5N1 Flu),2601,34035,25,302,472764,0.55,407,144,75.1,23.5,49.2,28.9,78.3
2025-02-01,Brazil,Novel Influenza (H5N1 Flu),2728,36763,23,325,474091,0.58,437,153,75.0,26.0,49.3,28.4,71.9
2025-02-02,Brazil,Novel Influenza (H5N1 Flu),2361,39124,23,348,471708,0.5,479,163,77.3,27.0,49.5,27.5,80.5
2025-02-03,Brazil,Novel Influenza (H5N1 Flu),3232,42356,26,374,476631,0.68,527,168,74.3,27.6,49.7,28.6,78.7
2025-02-04,Brazil,Novel Influenza (H5N1 Flu),3928,46284,32,406,479840,0.82,572,180,74.7,21.1,49.8,30.1,80.5
2025-02-05,Brazil,Novel Influenza (H5N1 Flu),3758,50042,32,438,479894,0.78,613,196,78.5,22.3,50.0,27.0,68.6
2025-02-06,Brazil,Novel Influenza (H5N1 Flu),4443,54485,30,468,482473,0.92,660,211,75.1,26.3,50.2,28.9,83.4
2025-02-07,Brazil,Novel Influenza (H5N1 Flu),4184,58669,34,502,481455,0.87,690,228,73.1,27.4,50.4,27.7,76.6
2025-02-08,Brazil,Novel Influenza (H5N1 Flu),3945,62614,32,534,479772,0.82,751,247,76.5,28.2,50.5,30.7,80.2
2025-02-09,Brazil,Novel Influenza (H5N1 Flu),4140,66754,34,568,481509,0.86,838,270,73.0,25.1,50.7,26.7,73.6
2025-02-10,Brazil,Novel Influenza (H5N1 Flu),6182,72936,47,615,495994,1.25,919,284,66.7,33.8,50.9,28.3,78.4
2025-02-11,Brazil,Novel Influenza (H5N1 Flu),6413,79349,62,677,493198,1.3,1008,306,68.4,31.7,51.1,29.8,73.2
2025-02-12,Brazil,Novel Influenza (H5N1 Flu),6745,86094,59,736,497744,1.36,1076,335,66.2,33.1,51.3,31.7,74.3
2025-02-13,Brazil,Novel Influenza (H5N1 Flu),7119,93213,58,794,497689,1.43,1134,362,68.6,31.8,51.5,29.3,81.8
2025-02-14,Brazil,Novel Influenza (H5N1 Flu),7035,100248,60,854,498326,1.41,1192,397,69.5,33.0,51.8,28.7,75.3
2025-02-15,Brazil,Novel Influenza (H5N1 Flu),6574,106822,71,925,497120,1.32,1312,429,73.5,30.4,52.0,32.4,76.3
2025-02-16,Brazil,Novel Influenza (H5N1 Flu),6273,113095,53,978,494290,1.27,1437,459,71.3,30.6,52.2,27.5,78.1
2025-02-17,Brazil,Novel Influenza (H5N1 Flu),9756,122851,93,1071,514046,1.9,1585,486,64.9,47.0,52.4,26.5,76.8
2025-02-18,Brazil,Novel Influenza (H5N1 Flu),9864,132715,107,1178,515056,1.92,1716,533,66.9,41.3,52.7,30.6,75.6
2025-02-19,Brazil,Novel Influenza (H5N1 Flu),9079,141794,90,1268,511741,1.77,1821,581,62.0,49.7,52.9,29.2,76.0
2025-02-20,Brazil,Novel Influenza (H5N1 Flu),10843,152637,96,1364,520915,2.08,1916,631,64.2,48.5,53.2,28.6,81.9
2025-02-21,Brazil,Novel Influenza (H5N1 Flu),10854,163491,116,1480,521928,2.08,1978,683,65.3,47.6,53.4,31.2,74.4
2025-02-22,Brazil,Novel Influenza (H5N1 Flu),9304,172795,98,1578,512457,1.82,2166,733,63.1,39.9,53.7,30.6,74.9
2025-02-23,Brazil,Novel Influenza (H5N1 Flu),9254,182049,114,1692,511460,1.81,2365,781,68.4,44.5,54.0,29.5,77.3
2025-02-24,Brazil,Novel Influenza (H5N1 Flu),13211,195260,135,1827,537997,2.46,2532,817,60.9,52.3,54.2,28.5,77.2
2025-02-25,Brazil,Novel Influenza (H5N1 Flu),13561,208821,153,1980,538587,2.52,2689,884,58.9,55.5,54.5,31.8,77.3
2025-02-26,Brazil,Novel Influenza (H5N1 Flu),12553,221374,169,2149,529880,2.37,2839,954,62.5,59.8,54.8,31.6,75.4
2025-02-27,Brazil,Novel Influenza (H5N1 Flu),13313,234687,179,2328,536652,2.48,2926,1008,64.6,54.1,55.1,30.5,69.8
2025-02-28,Brazil,Novel Influenza (H5N1 Flu),14152,248839,170,2498,540838,2.62,2998,1085,59.2,60.3,55.4,33.5,78.0
2025-03-01,Brazil,Novel Influenza (H5N1 Flu),12556,261395,173,2671,532776,2.36,3206,1165,61.7,50.0,55.7,29.2,69.4
2025-03-02,Brazil,Novel Influenza (H5N1 Flu),10383,271778,143,2814,518093,2.0,3442,1224,63.5,45.6,56.0,28.6,73.5
2025-03-03,Brazil,Novel Influenza (H5N1 Flu),14427,286205,241,3055,543035,2.66,3654,1260,56.7,63.0,56.3,29.9,70.1
2025-03-04,Brazil,Novel Influenza (H5N1 Flu),13766,299971,249,3304,539688,2.55,3774,1338,61.0,53.8,56.6,31.0,72.0
2025-03-05,Brazil,Novel Influenza (H5N1 Flu),13790,313761,236,3540,540193,2.55,3919,1417,57.6,61.2,56.9,31.5,72.9
2025-03-06,Brazil,Novel Influenza (H5N1 Flu),15651,329412,287,3827,549293,2.85,4036,1480,56.7,63.4,57.2,30.8,72.7
2025-03-07,Brazil,Novel Influenza (H5N1 Flu),16161,345573,247,4074,553219,2.92,4021,1552,54.8,61.1,57.5,31.7,72.7
2025-03-08,Brazil,Novel Influenza (H5N1 Flu),12451,358024,204,4278,530819,2.35,4141,1640,62.3,53.7,57.8,29.4,76.1
2025-03-09,Brazil,Novel Influenza (H5N1 Flu),11696,369720,255,4533,526110,2.22,4292,1712,63.1,52.5,58.2,33.5,72.4
2025-03-10,Brazil,Novel Influenza (H5N1 Flu),15055,384775,339,4872,548683,2.74,4445,1720,59.5,61.4,58.5,31.3,70.0
2025-03-11,Brazil,Novel Influenza (H5N1 Flu),14013,398788,319,5191,541070,2.59,4527,1772,58.0,51.7,58.8,33.1,73.4
2025-03-12,Brazil,Novel Influenza (H5N1 Flu),14688,413476,353,5544,543455,2.7,4615,1826,57.5,56.2,59.2,32.0,73.8
2025-03-13,Brazil,Novel Influenza (H5N1 Flu),15439,428915,336,5880,550139,2.81,4611,1860,54.9,59.9,59.5,32.2,66.3
2025-03-14,Brazil,Novel Influenza (H5N1 Flu),13825,442740,387,6267,541660,2.55,4557,1916,58.4,55.7,59.9,32.4,71.6
2025-03-15,Brazil,Novel Influenza (H5N1 Flu),12412,455152,316,6583,532092,2.33,4587,1995,62.2,53.6,60.2,32.3,71.6
2025-03-16,Brazil,Novel Influenza (H5N1 Flu),8258,463410,302,6885,504616,1.64,4637,2032,69.1,39.9,60.6,32.6,68.4
2025-03-17,Brazil,Novel Influenza (H5N1 Flu),13443,476853,411,7296,536761,2.5,4782,2015,58.0,50.7,60.9,33.7,73.2
2025-03-18,Brazil,Novel Influenza (H5N1 Flu),12470,489323,337,7633,532674,2.34,4816,2032,63.1,53.0,61.3,32.0,68.3
2025-03-19,Brazil,Novel Influenza (H5N1 Flu),11761,501084,372,8005,526446,2.23,4818,2049,65.1,51.6,61.6,32.8,68.9
2025-03-20,Brazil,Novel Influenza (H5N1 Flu),11590,512674,411,8416,526571,2.2,4771,2065,63.5,50.9,62.0,31.7,67.8
2025-03-21,Brazil,Novel Influenza (H5N1 Flu),9742,522416,448,8864,515814,1.89,4522,2079,69.2,47.0,62.3,34.0,68.1
2025-03-22,Brazil,Novel Influenza (H5N1 Flu),8753,531169,287,9151,508179,1.72,4430,2094,65.3,43.4,62.7,30.8,64.5
2025-03-23,Brazil,Novel Influenza (H5N1 Flu),7661,538830,308,9459,502494,1.52,4431,2117,66.0,39.0,63.0,34.6,63.2
2025-03-24,Brazil,Novel Influenza (H5N1 Flu),10457,549287,408,9867,516088,2.03,4433,2046,60.8,45.7,63.4,31.8,72.0
2025-03-25,Brazil,Novel Influenza (H5N1 Flu),8829,558116,301,10168,508537,1.74,4316,2042,69.8,36.1,63.7,29.8,64.5
2025-03-26,Brazil,Novel Influenza (H5N1 Flu),8202,566318,332,10500,505547,1.62,4172,2027,69.0,40.5,64.1,32.1,63.8
2025-03-27,Brazil,Novel Influenza (H5N1 Flu),7889,574207,323,10823,502674,1.57,3972,1982,68.1,38.9,64.4,30.9,60.0
2025-03-28,Brazil,Novel Influenza (H5N1 Flu),8077,582284,338,11161,506682,1.59,3709,1930,68.5,39.7,64.8,33.2,64.3
2025-03-29,Brazil,Novel Influenza (H5N1 Flu),6145,588429,328,11489,492027,1.25,3595,1898,68.5,29.3,65.1,31.0,62.0
2025-03-30,Brazil,Novel Influenza (H5N1 Flu),4847,593276,231,11720,485229,1.0,3475,1864,77.6,26.1,65.4,31.3,70.6
2025-03-31,Brazil,Novel Influenza (H5N1 Flu),6501,599777,338,12058,495724,1.31,3473,1779,70.5,37.4,65.8,29.2,68.5
2025-04-01,Brazil,Novel Influenza (H5N1 Flu),5929,605706,352,12410,493603,1.2,3285,1738,71.3,32.4,66.1,31.3,63.1
2025-04-02,Brazil,Novel Influenza (H5N1 Flu),5825,611531,262,12672,490102,1.19,3137,1670,72.7,34.3,66.5,28.4,71.7
2025-04-03,Brazil,Novel Influenza (H5N1 Flu),4926,616457,250,12922,487307,1.01,2947,1587,73.6,29.6,66.8,29.6,67.6
2025-04-04,Brazil,Novel Influenza (H5N1 Flu),4714,621171,242,13164,484882,0.97,2720,1518,73.4,29.0,67.1,33.1,63.4
2025-04-05,Brazil,Novel Influenza (H5N1 Flu),3687,624858,226,13390,477728,0.77,2610,1468,72.9,28.7,67.4,33.2,56.7
2025-04-06,Brazil,Novel Influenza (H5N1 Flu),2870,627728,191,13581,474270,0.61,2515,1443,76.6,21.9,67.8,32.6,70.8
2025-04-07,Brazil,Novel Influenza (H5N1 Flu),4074,631802,218,13799,481231,0.85,2453,1344,77.7,27.3,68.1,30.5,59.5
2025-04-08,Brazil,Novel Influenza (H5N1 Flu),3868,635670,219,14018,479195,0.81,2266,1275,76.9,25.0,68.4,31.9,58.4
2025-04-09,Brazil,Novel Influenza (H5N1 Flu),3656,639326,184,14202,478593,0.76,2128,1208,77.7,24.5,68.7,31.9,66.2
2025-04-10,Brazil,Novel Influenza (H5N1 Flu),3496,642822,208,14410,477178,0.73,1975,1141,73.7,24.4,69.0,30.2,70.2
2025-04-11,Brazil,Novel Influenza (H5N1 Flu),3186,646008,208,14618,475817,0.67,1806,1086,73.2,25.1,69.3,34.2,66.8
2025-04-12,Brazil,Novel Influenza (H5N1 Flu),2833,648841,142,14760,474248,0.6,1671,1039,75.5,21.9,69.6,33.2,64.0
2025-04-13,Brazil,Novel Influenza (H5N1 Flu),2549,651390,116,14876,473468,0.54,1594,993,76.3,26.3,69.9,31.5,63.9
2025-04-14,Brazil,Novel Influenza (H5N1 Flu),3421,654811,149,15025,475876,0.72,1554,905,77.1,22.4,70.2,31.9,64.4
2025-04-15,Brazil,Novel Influenza (H5N1 Flu),3703,658514,147,15172,480939,0.77,1452,851,71.1,25.4,70.5,32.1,63.9
2025-04-16,Brazil,Novel Influenza (H5N1 Flu),4039,662553,157,15329,478869,0.84,1360,801,77.0,25.6,70.7,28.7,62.2
2025-04-17,Brazil,Novel Influenza (H5N1 Flu),4683,667236,113,15442,484534,0.97,1259,752,72.7,33.2,71.0,31.4,61.4
2025-04-18,Brazil,Novel Influenza (H5N1 Flu),4580,671816,123,15565,484656,0.95,1178,699,72.3,29.1,71.3,30.7,60.6
2025-04-19,Brazil,Novel Influenza (H5N1 Flu),4188,676004,88,15653,481996,0.87,1135,665,71.7,30.5,71.5,30.1,58.3
2025-04-20,Brazil,Novel Influenza (H5N1 Flu),3973,679977,67,15720,479803,0.83,1135,641,70.7,22.3,71.8,31.2,59.5
2025-04-21,Brazil,Novel Influenza (H5N1 Flu),5210,685187,101,15821,487639,1.07,1175,596,73.8,31.2,72.1,34.3,55.0
2025-04-22,Brazil,Novel Influenza (H5N1 Flu),6456,691643,89,15910,494830,1.3,1195,567,70.5,36.8,72.3,32.5,59.6
2025-04-23,Brazil,Novel Influenza (H5N1 Flu),7133,698776,87,15997,498796,1.43,1219,542,66.7,36.3,72.5,30.6,56.6
2025-04-24,Brazil,Novel Influenza (H5N1 Flu),8962,707738,79,16076,511209,1.75,1237,532,64.0,44.7,72.8,32.3,56.1
2025-04-25,Brazil,Novel Influenza (H5N1 Flu),8466,716204,92,16168,507741,1.67,1253,532,66.6,38.5,73.0,33.5,59.7
2025-04-26,Brazil,Novel Influenza (H5N1 Flu),7999,724203,71,16239,503889,1.59,1322,542,71.4,42.9,73.2,32.7,63.1
2025-04-27,Brazil,Novel Influenza (H5N1 Flu),7585,731788,60,16299,502997,1.51,1444,557,68.1,44.3,73.4,31.3,61.4
2025-04-28,Brazil,Novel Influenza (H5N1 Flu),10350,742138,87,16386,518995,1.99,1599,556,61.5,44.5,73.6,30.2,53.7
2025-04-29,Brazil,Novel Influenza (H5N1 Flu),12890,755028,92,16478,534740,2.41,1786,571,60.2,51.8,73.9,32.2,55.2
2025-04-30,Brazil,Novel Influenza (H5N1 Flu),13609,768637,99,16577,538871,2.53,1947,604,59.1,59.6,74.1,31.7,60.8
2025-05-01,Brazil,Novel Influenza (H5N1 Flu),14660,783297,123,16700,543719,2.7,2080,646,52.6,63.1,74.3,32.3,54.8
2025-05-02,Brazil,Novel Influenza (H5N1 Flu),14160,797457,121,16821,540987,2.62,2178,712,58.7,55.3,74.4,31.9,56.8
2025-05-03,Brazil,Novel Influenza (H5N1 Flu),14496,811953,100,16921,544311,2.66,2373,778,57.8,56.6,74.6,32.4,58.9
2025-05-04,Brazil,Novel Influenza (H5N1 Flu),11508,823461,95,17016,526246,2.19,2667,840,64.2,48.2,74.8,30.0,54.1
2025-05-05,Brazil,Novel Influenza (H5N1 Flu),18475,841936,127,17143,567417,3.26,2992,889,56.0,65.6,75.0,32.7,57.1
2025-05-06,Brazil,Novel Influenza (H5N1 Flu),21203,863139,132,17275,583923,3.63,3311,965,50.5,74.9,75.2,30.9,52.6
2025-05-07,Brazil,Novel Influenza (H5N1 Flu),18417,881556,157,17432,568367,3.24,3571,1068,51.9,66.4,75.3,33.7,54.6
2025-05-08,Brazil,Novel Influenza (H5N1 Flu),19668,901224,249,17681,574004,3.43,3819,1171,48.3,70.8,75.5,29.4,57.2
2025-05-09,Brazil,Novel Influenza (H5N1 Flu),21190,922414,240,17921,584275,3.63,3905,1287,53.4,77.5,75.6,33.0,51.2
2025-05-10,Brazil,Novel Influenza (H5N1 Flu),17623,940037,196,18117,562123,3.14,4243,1402,53.7,67.8,75.8,30.6,57.1
2025-05-11,Brazil,Novel Influenza (H5N1 Flu),14963,955000,198,18315,546148,2.74,4689,1524,57.6,63.9,75.9,29.2,55.5
2025-05-12,Brazil,Novel Influenza (H5N1 Flu),22726,977726,265,18580,594042,3.83,5054,1597,45.9,79.2,76.1,29.4,57.0
2025-05-13,Brazil,Novel Influenza (H5N1 Flu),21487,999213,402,18982,586335,3.66,5369,1735,48.2,81.5,76.2,29.6,55.8
2025-05-14,Brazil,Novel Influenza (H5N1 Flu),23810,1023023,371,19353,600261,3.97,5649,1898,44.0,84.8,76.3,30.6,59.1
2025-05-15,Brazil,Novel Influenza (H5N1 Flu),21957,1044980,363,19716,589635,3.72,5784,2007,46.0,79.8,76.5,30.6,55.2
2025-05-16,Brazil,Novel Influenza (H5N1 Flu),25366,1070346,327,20043,608805,4.17,5794,2136,40.9,92.0,76.6,28.9,53.3
2025-05-17,Brazil,Novel Influenza (H5N1 Flu),18418,1088764,316,20359,567777,3.24,6084,2289,52.3,66.1,76.7,29.6,54.8
2025-05-18,Brazil,Novel Influenza (H5N1 Flu),16607,1105371,292,20651,555919,2.99,6320,2405,54.0,65.2,76.8,32.8,55.9
2025-05-19,Brazil,Novel Influenza (H5N1 Flu),23515,1128886,434,21085,598002,3.93,6735,2458,43.3,85.0,77.0,32.1,54.2
2025-05-20,Brazil,Novel Influenza (H5N1 Flu),20320,1149206,470,21555,578377,3.51,6852,2572,49.8,76.6,77.1,30.0,54.0
2025-05-21,Brazil,Novel Influenza (H5N1 Flu),21653,1170859,437,21992,586602,3.69,6993,2663,47.1,79.9,77.2,29.3,51.6
2025-05-22,Brazil,Novel Influenza (H5N1 Flu),22316,1193175,449,22441,591079,3.78,6993,2768,49.6,88.3,77.3,29.3,51.5
2025-05-23,Brazil,Novel Influenza (H5N1 Flu),18020,1211195,601,23042,563889,3.2,6889,2858,47.7,66.4,77.4,30.0,49.2
2025-05-24,Brazil,Novel Influenza (H5N1 Flu),16206,1227401,472,23514,555916,2.92,6968,2984,57.9,61.3,77.5,27.4,58.5
2025-05-25,Brazil,Novel Influenza (H5N1 Flu),13766,1241167,374,23888,538177,2.56,7059,3064,61.9,53.8,77.6,28.4,49.3
2025-05-26,Brazil,Novel Influenza (H5N1 Flu),18133,1259300,635,24523,564171,3.21,7285,3042,48.7,66.9,77.7,26.2,50.8
2025-05-27,Brazil,Novel Influenza (H5N1 Flu),15145,1274445,540,25063,548616,2.76,7271,3069,56.6,57.9,77.7,29.2,50.6
2025-05-28,Brazil,Novel Influenza (H5N1 Flu),14156,1288601,554,25617,542315,2.61,7154,3091,58.1,60.4,77.8,29.5,55.3
2025-05-29,Brazil,Novel Influenza (H5N1 Flu),14827,1303428,616,26233,546174,2.71,6897,3114,55.0,63.1,77.9,27.7,51.6
2025-05-30,Brazil,Novel Influenza (H5N1 Flu),13615,1317043,661,26894,538906,2.53,6621,3127,58.0,53.5,78.0,30.6,56.1
2025-05-31,Brazil,Novel Influenza (H5N1 Flu),10535,1327578,422,27316,519785,2.03,6377,3131,62.0,43.7,78.1,26.3,50.2
2025-06-01,Brazil,Novel Influenza (H5N1 Flu),8652,1336230,409,27725,507602,1.7,6266,3146,70.5,42.0,78.1,25.8,52.9
2025-06-02,Brazil,Novel Influenza (H5N1 Flu),10034,1346264,547,28272,516867,1.94,6184,3042,66.8,43.0,78.2,28.2,49.4
2025-06-03,Brazil,Novel Influenza (H5N1 Flu),9677,1355941,452,28724,513972,1.88,5890,3004,68.0,45.5,78.3,29.4,58.2
2025-06-04,Brazil,Novel Influenza (H5N1 Flu),8819,1364760,581,29305,510477,1.73,5664,2903,68.2,41.7,78.3,30.2,48.1
2025-06-05,Brazil,Novel Influenza (H5N1 Flu),7498,1372258,643,29948,501428,1.5,5289,2813,66.5,32.6,78.4,26.9,52.5
2025-06-06,Brazil,Novel Influenza (H5N1 Flu),7837,1380095,400,30348,502784,1.56,4828,2692,67.2,42.8,78.5,29.0,53.3
2025-06-07,Brazil,Novel Influenza (H5N1 Flu),5441,1385536,423,30771,488912,1.11,4558,2636,72.8,36.5,78.5,27.2,52.6
2025-06-08,Brazil,Novel Influenza (H5N1 Flu),3883,1389419,326,31097,480298,0.81,4338,2566,71.7,24.6,78.6,26.9,50.7
2025-06-09,Brazil,Novel Influenza (H5N1 Flu),5198,1394617,436,31533,487212,1.07,4171,2394,73.6,29.2,78.6,28.4,50.7
2025-06-10,Brazil,Novel Influenza (H5N1 Flu),4166,1398783,361,31894,480761,0.87,3812,2276,73.3,28.2,78.7,27.9,51.2
2025-06-11,Brazil,Novel Influenza (H5N1 Flu),4086,1402869,329,32223,481347,0.85,3565,2137,73.1,28.1,78.7,24.4,50.5
2025-06-12,Brazil,Novel Influenza (H5N1 Flu),3668,1406537,372,32595,478840,0.77,3271,1981,75.9,27.8,78.8,28.9,53.7
2025-06-13,Brazil,Novel Influenza (H5N1 Flu),2858,1409395,318,32913,473229,0.6,2902,1860,76.6,29.5,78.8,28.6,57.4
2025-06-14,Brazil,Novel Influenza (H5N1 Flu),2332,1411727,269,33182,470108,0.5,2618,1763,75.8,21.4,78.9,25.4,49.0
2025-06-15,Brazil,Novel Influenza (H5N1 Flu),1749,1413476,215,33397,467314,0.37,2403,1667,79.7,17.8,78.9,26.8,46.5
2025-06-16,Brazil,Novel Influenza (H5N1 Flu),2107,1415583,246,33643,467781,0.45,2249,1502,74.7,17.1,79.0,26.9,50.3
2025-06-17,Brazil,Novel Influenza (H5N1 Flu),1955,1417538,224,33867,466910,0.42,2034,1387,78.3,18.6,79.0,26.4,58.2
2025-06-18,Brazil,Novel Influenza (H5N1 Flu),1515,1419053,210,34077,464959,0.33,1804,1272,78.9,19.4,79.0,25.0,48.0
2025-06-19,Brazil,Novel Influenza (H5N1 Flu),1290,1420343,199,34276,464114,0.28,1585,1148,77.4,24.2,79.1,24.7,55.3
2025-06-20,Brazil,Novel Influenza (H5N1 Flu),1130,1421473,204,34480,463678,0.24,1391,1033,79.0,16.8,79.1,25.5,55.3
2025-06-21,Brazil,Novel Influenza (H5N1 Flu),847,1422320,125,34605,463145,0.18,1197,944,76.2,18.2,79.1,27.2,48.6
2025-06-22,Brazil,Novel Influenza (H5N1 Flu),705,1423025,98,34703,461675,0.15,1080,871,80.8,17.0,79.2,26.1,51.9
2025-06-23,Brazil,Novel Influenza (H5N1 Flu),882,1423907,138,34841,461720,0.19,1000,776,78.3,21.2,79.2,24.6,55.0
2025-06-24,Brazil,Novel Influenza (H5N1 Flu),806,1424713,90,34931,461404,0.17,868,688,77.7,25.0,79.2,26.2,49.0
2025-06-25,Brazil,Novel Influenza (H5N1 Flu),773,1425486,107,35038,460223,0.17,765,609,80.9,15.7,79.3,20.6,49.5
2025-06-26,Brazil,Novel Influenza (H5N1 Flu),693,1426179,87,35125,460727,0.15,656,540,77.6,15.6,79.3,26.5,48.3
2025-06-27,Brazil,Novel Influenza (H5N1 Flu),718,1426897,75,35200,460607,0.16,556,464,76.1,20.3,79.3,22.0,47.0
2025-06-28,Brazil,Novel Influenza (H5N1 Flu),525,1427422,55,35255,460060,0.11,489,415,76.1,18.6,79.3,23.9,48.1
2025-06-29,Brazil,Novel Influenza (H5N1 Flu),537,1427959,37,35292,458982,0.12,438,380,80.4,22.1,79.4,22.7,46.3
